id,neighborhood,p001001,p008003,p008004,p008005,p008006,p008007,p008008,p008009,p008011,p008012,p008013,p008014,p008015,p008016,p008017,p01000310,p01000411,p01000512,p01000613,p01000714,p01000815,p012003,p012004,p012005,p012006,p012007,p01200810,p012011,p012012,p012013,p012014,p012015,p012016,p012017,p01201819,p01202021,p012022,p012023,p012024,p012025,p012027,p012028,p012029,p012030,p012031,p01203234,p012035,p012036,p012037,p012038,p012039,p012040,p012041,p01204243,p01204445,p012046,p012047,p012048,p012049,p018003,p018004,p018007,p018008,p018011,p018012,p018014,p018015,p018017,p019002,p023002,p027004,p027007,p027008,p02701114,p027015,p02701720,p027023,p028002,p028005,p030002,p030013,p030016,p038000422,p038003250,p038000826,p038003654,h001001,h004002,h004003,h005002,h005003,h005004,h005005,h005006,h005007,h011002,h011003,arealand,areawatr,p0010001,p0050003,p0050004,p0050005,p0050006,p0050007,p0050008,p0050009,p0050011,p0050012,p0050013,p0050014,p0050015,p0050016,p0050017,p007000310,p007000411,p007000512,p007000613,p007000714,p007000815,p0120003,p0120004,p0120005,p0120006,p0120007,p012000810,p0120011,p0120012,p0120013,p0120014,p0120015,p0120016,p0120017,p012001819,p012002021,p0120022,p0120023,p0120024,p0120025,p0120027,p0120028,p0120029,p0120030,p0120031,p012003234,p0120035,p0120036,p0120037,p0120038,p0120039,p0120040,p0120041,p012004243,p012004445,p0120046,p0120047,p0120048,p0120049,p0190003,p0190004,p0190007,p0190008,p0190011,p0190012,p0190014,p0190015,p0190017,p0200002,p0250002,p0290004,p0290007,p029000810,p029001116,p0290017,p029001922,p0290025,p0310002,p0310005,p0340002,p0340014,p0340017,p043000424,p043003555,p043000929,p043004060,h0010001,h0040002,h0040003,h0040004,h0050002,h0050004,h005000305,h0050006,h0050007,h0050008,h011000203,h0110004
31,ALAMEDA,4012,3605,104,12,92,0,8,114,48,1,1,0,0,14,13,3770,150,46,143,7,38,124,124,147,100,39,60,86,120,156,175,244,232,102,67,48,40,24,16,16,102,120,122,83,34,71,87,151,164,217,280,234,126,82,49,48,53,37,32,107,231,943,455,40,20,142,71,152,570,272,1125,943,1085,109,75,490,185,922,876,363,14,74,0,0,0,0,1654,1495,120,4,12,10,4,0,9,3735,277,1271978,0,4200,3697,88,9,104,8,15,128,93,3,7,1,0,17,30,3933,138,62,176,11,52,175,173,142,78,17,57,65,71,185,214,168,144,186,173,80,50,28,20,13,147,145,113,79,31,58,45,129,202,210,156,187,220,181,104,63,34,27,30,88,203,1024,505,41,20,126,68,137,618,328,1191,1024,1219,106,59,428,173,1052,1009,449,20,85,0,0,0,0,1661,1171,290,158,5,15,2,3,0,17,3799,401
46,ALAMEDA/BEAUMONT-WILSHIRE,152,145,0,0,3,0,0,1,3,0,0,0,0,0,0,149,0,0,4,0,0,7,5,7,3,1,0,2,11,2,9,10,6,5,3,1,0,2,0,1,7,3,5,3,0,1,7,8,9,6,12,5,6,0,0,1,1,0,3,6,8,39,21,1,1,3,3,5,25,7,43,39,43,0,2,19,6,40,40,9,2,3,0,0,0,0,65,60,2,0,2,1,0,0,0,147,5,43864,0,161,150,1,0,3,0,0,6,1,0,0,0,0,0,0,157,5,0,5,0,0,7,7,5,5,1,0,1,4,7,7,7,8,8,7,1,1,0,0,0,7,7,7,1,0,2,3,7,8,8,11,4,8,7,5,0,0,0,0,4,10,36,24,2,2,4,3,8,29,5,42,36,50,1,2,22,8,46,46,7,0,2,0,0,0,0,66,51,8,5,1,1,0,0,0,0,152,9
42,ALAMEDA/IRVINGTON,873,764,45,1,11,0,4,30,9,0,0,0,0,4,5,808,57,6,22,0,16,27,35,43,15,10,8,9,22,40,39,47,47,19,7,8,11,8,6,2,33,42,21,19,4,15,16,33,37,59,76,41,17,14,12,10,12,5,4,20,40,193,103,6,2,32,20,34,131,59,231,193,255,25,28,94,46,235,216,78,7,14,0,0,1,0,327,296,29,0,1,1,0,0,0,791,81,274768,0,853,770,23,0,18,2,0,18,11,1,0,1,0,2,7,806,31,0,34,2,8,35,34,23,13,7,10,10,19,24,33,38,33,46,32,25,9,6,5,4,25,31,31,16,6,12,7,13,42,41,33,43,61,38,13,18,7,4,6,21,30,219,107,5,3,20,11,32,122,69,244,219,249,10,11,83,36,208,206,97,7,12,0,0,1,0,331,237,58,32,1,2,0,1,0,0,774,78
19,ARBOR LODGE,6065,4531,418,54,360,27,12,249,160,23,16,1,0,165,49,4917,533,146,459,73,260,190,178,183,107,88,223,253,277,297,265,251,215,128,87,76,66,70,56,36,172,168,152,89,57,239,252,246,235,233,240,230,145,107,69,84,109,109,83,359,439,1052,435,107,45,292,141,324,702,604,1451,1052,1456,358,186,1122,434,1239,1077,758,84,201,0,0,0,6,2682,1872,701,37,37,15,4,0,16,4387,1672,2252448,0,6153,4702,299,44,306,67,33,278,177,6,15,2,0,153,71,5194,412,168,436,92,244,173,166,134,62,32,160,289,349,370,276,246,214,197,157,98,63,40,22,28,180,140,104,70,45,168,318,368,369,236,171,219,200,179,107,66,38,41,58,383,395,1042,377,101,52,265,140,478,632,451,1408,1042,1256,309,194,1256,680,1029,906,561,77,113,0,0,1,7,2774,1513,326,825,26,22,11,11,0,40,4295,1850
118,ARDENWALD-JOHNSON CREEK,4473,4023,51,38,61,5,6,117,82,4,9,0,0,41,36,4244,87,105,95,34,81,173,165,141,88,54,128,163,173,179,181,169,155,83,54,51,59,45,25,20,169,128,151,69,51,144,192,165,185,176,196,173,108,85,79,110,72,54,60,194,361,819,353,86,52,248,157,159,615,442,1153,819,1252,182,131,714,198,1084,970,556,41,178,8,16,0,0,1953,1109,758,44,16,2,0,0,24,2794,1655,2491357,9173,4480,3876,87,33,71,10,9,137,131,2,16,0,2,62,44,4179,133,134,111,25,89,132,133,143,87,45,106,149,183,189,161,156,166,170,125,80,45,33,30,23,144,115,116,81,42,112,156,201,163,160,179,196,176,155,97,65,54,56,56,259,339,759,318,104,60,261,140,194,577,432,1124,759,1136,227,148,792,262,949,840,534,49,141,0,0,13,19,2016,877,241,798,27,15,8,7,0,43,2794,1654
121,ARDENWALD-JOHNSON CREEK/WOODSTOCK,153,140,1,0,9,0,0,3,0,0,0,0,0,0,0,143,2,1,10,0,0,1,10,6,3,1,7,7,4,6,8,7,5,3,2,3,2,2,3,1,0,5,3,2,0,1,6,7,9,6,6,8,3,1,3,2,3,2,5,5,7,36,13,3,1,2,2,8,18,15,41,36,32,3,5,20,11,30,25,21,1,5,0,0,1,4,67,49,12,0,0,1,2,0,3,114,34,167288,4491,181,147,0,2,11,0,0,11,4,0,0,0,0,6,0,162,0,3,21,3,6,5,4,7,6,2,2,8,5,9,8,7,7,10,6,2,0,3,1,1,5,1,7,2,0,5,10,5,9,6,8,6,8,8,4,0,1,1,2,7,6,41,13,3,3,4,1,9,20,12,48,41,40,11,6,22,13,37,29,15,1,2,0,0,0,0,73,45,12,13,1,1,0,1,0,0,148,33
24,ARGAY,5807,3885,482,31,506,63,18,192,173,15,4,5,2,369,62,4243,570,86,582,106,492,184,184,209,91,75,148,222,209,183,195,220,138,133,129,120,124,130,77,43,167,150,183,120,62,206,165,177,180,194,198,168,189,134,148,153,174,117,108,263,445,1182,414,90,41,266,160,165,676,841,1538,1182,1516,313,157,873,226,1288,1162,1193,63,261,0,0,0,2,2503,1401,1010,53,23,5,3,0,8,3455,2350,4889327,214516,5990,3192,744,57,616,109,15,221,299,29,21,2,3,634,48,3729,883,127,739,131,684,205,201,207,131,65,201,207,197,154,186,194,204,205,145,109,101,72,71,62,179,175,164,132,77,200,190,193,165,162,193,225,203,194,163,110,108,96,144,248,399,1038,365,107,56,341,199,197,714,763,1486,1038,1674,458,162,844,265,1390,1192,1022,76,230,5,5,31,22,2492,871,448,1011,109,16,11,5,0,21,3272,2655
37,ARGAY/WILKES,11,7,0,0,4,0,0,0,0,0,0,0,0,0,0,7,0,0,4,0,0,0,1,0,0,0,0,0,0,0,1,1,0,0,0,0,0,0,0,0,0,0,1,2,1,0,0,0,1,0,1,1,1,0,0,0,0,0,0,0,0,1,1,1,1,1,0,0,2,0,3,1,4,3,0,0,0,4,3,0,0,0,0,0,0,0,4,2,1,0,0,0,0,0,1,6,5,32243,0,16,9,7,0,0,0,0,0,0,0,0,0,0,0,0,9,7,0,0,0,0,0,0,0,0,2,1,0,0,0,0,3,2,0,0,0,0,0,0,0,0,0,0,0,1,0,1,0,0,1,3,0,1,1,0,0,0,0,0,0,1,3,0,1,0,1,0,0,0,0,5,3,4,2,1,1,0,0,0,0,0,0,0,0,0,0,6,2,0,4,0,0,0,0,0,0,6,10
69,ARLINGTON HEIGHTS,691,637,2,1,24,0,1,7,14,0,0,0,0,4,1,659,2,5,27,1,6,12,19,24,16,7,6,14,16,25,30,36,36,35,13,16,11,7,3,3,22,25,29,16,4,10,9,15,22,40,40,41,32,16,8,15,7,5,6,23,38,178,78,4,1,10,7,25,88,57,192,178,181,6,14,86,34,163,159,81,4,12,0,0,0,0,292,263,15,1,7,0,3,0,3,657,34,1679860,14939,695,612,7,1,31,0,1,25,15,2,0,0,0,1,0,651,16,7,45,1,3,30,25,10,10,5,11,5,10,31,37,26,29,32,29,28,9,11,7,5,21,26,19,10,3,12,7,13,31,23,24,38,36,28,22,8,8,11,5,23,18,192,75,4,3,14,5,19,87,76,210,192,187,14,10,60,22,151,146,114,8,10,0,0,0,0,295,189,68,13,0,6,3,6,0,10,660,35
72,ARLINGTON HEIGHTS/SYLVAN-HIGHLANDS,3,2,0,0,0,0,0,1,0,0,0,0,0,0,0,3,0,0,1,0,0,0,0,0,0,0,0,0,0,1,0,0,2,0,0,0,0,0,0,0,0,0,0,0,0,0,0,0,0,0,0,0,0,0,0,0,0,0,0,0,0,0,0,0,0,0,0,0,0,0,0,0,0,0,0,0,0,0,0,0,0,0,0,0,3,0,0,0,0,0,0,0,0,0,0,0,0,649478,0,23,16,0,0,0,0,0,2,4,0,0,0,0,1,0,22,0,0,0,0,3,3,1,0,0,0,0,1,1,2,1,0,0,1,1,0,0,0,0,0,0,1,0,1,0,0,0,1,2,1,0,2,2,1,0,0,0,1,0,0,1,6,3,0,0,1,1,1,4,1,7,6,7,0,0,2,1,6,6,1,0,1,0,0,0,0,12,5,2,2,1,0,0,0,0,2,19,4
129,ARNOLD CREEK,2930,2678,13,3,112,9,2,66,30,0,2,1,0,6,8,2781,21,18,163,13,14,87,124,142,81,21,27,38,54,109,198,206,142,65,35,27,36,18,15,8,96,163,145,60,17,22,48,59,129,214,190,136,55,27,36,31,34,16,19,71,66,780,454,22,11,55,32,43,502,158,857,780,980,48,28,180,51,898,888,234,11,27,0,0,1,5,1066,976,61,2,16,3,3,0,5,2766,158,2904647,0,3125,2753,24,16,143,1,5,97,50,0,0,1,0,12,23,2913,39,41,233,11,32,73,106,128,76,25,40,48,50,87,104,132,184,209,132,50,26,26,24,9,82,103,118,88,25,44,34,59,106,97,150,193,204,122,53,31,31,23,33,84,106,812,365,40,25,69,35,67,440,211,921,812,927,66,38,257,79,774,745,289,13,38,0,0,6,19,1221,854,237,87,3,16,6,3,0,15,2866,234
115,ASHCREEK,5560,4856,70,36,163,22,20,137,128,10,4,3,0,82,29,5132,114,82,222,39,149,163,186,181,126,59,178,224,219,226,248,314,249,107,84,56,61,30,26,11,150,201,167,104,60,169,210,221,247,287,307,228,120,99,64,80,47,21,30,277,371,1205,576,80,37,170,110,240,763,313,1455,1205,1439,164,108,888,301,1278,1201,426,33,86,0,0,0,0,2420,1632,711,35,21,5,1,0,15,4134,1426,3040251,0,5678,4684,192,17,220,17,13,201,168,0,12,2,0,118,34,5071,253,66,353,26,156,173,172,160,92,48,141,232,246,202,209,174,221,265,217,98,67,36,30,16,186,165,144,93,61,144,197,225,201,204,211,262,288,206,112,60,42,43,35,289,357,1236,524,87,36,183,104,250,700,409,1506,1236,1445,159,122,896,308,1185,1128,539,28,88,0,0,5,1,2519,1299,354,749,53,25,5,7,0,27,4089,1583
125,ASHCREEK/CRESTWOOD,1,1,0,0,0,0,0,0,0,0,0,0,0,0,0,1,0,0,0,0,0,0,0,0,0,0,0,0,0,0,0,0,0,0,0,0,0,0,0,0,0,0,0,0,0,0,0,0,0,0,0,0,0,0,0,0,0,1,0,0,1,0,0,0,0,0,0,0,0,1,0,0,0,0,0,1,0,0,0,1,0,1,0,0,0,0,1,1,0,0,0,0,0,0,0,1,0,22080,0,41,37,0,0,0,0,0,0,4,0,0,0,0,0,0,41,0,0,0,0,0,0,0,3,0,1,0,0,1,1,1,2,3,2,0,1,1,0,0,0,0,1,2,2,1,1,1,2,1,1,2,5,2,2,1,1,0,0,0,2,1,7,3,1,0,3,2,2,6,3,11,7,12,3,1,5,2,8,7,4,0,0,0,0,0,0,16,12,1,3,0,0,0,0,0,0,36,5
29,BEAUMONT-WILSHIRE,5180,4462,218,28,184,11,8,147,86,3,0,1,0,17,15,4693,287,81,231,19,48,144,138,161,107,51,101,164,207,199,227,247,250,119,75,69,52,55,39,35,138,130,202,92,41,98,170,186,218,262,315,285,130,92,63,89,79,94,56,195,385,1116,486,58,22,207,97,228,642,478,1381,1116,1318,171,97,808,289,1112,1048,631,36,163,0,0,0,0,2256,1911,278,13,27,15,3,0,9,4505,675,1859786,0,5185,4499,181,7,160,1,9,170,87,2,3,1,0,38,27,4770,233,68,253,16,73,207,166,125,65,36,75,126,172,249,244,193,190,214,196,90,47,39,20,29,181,164,131,66,34,71,117,197,279,227,200,226,271,228,96,63,36,58,57,206,353,1141,517,58,31,175,86,249,663,405,1374,1141,1318,110,99,808,318,1105,1055,527,43,113,0,0,2,15,2253,1450,401,331,12,21,5,11,0,22,4437,731
32,BOISE,3059,994,1343,11,65,35,7,153,126,13,42,8,0,232,30,1240,1465,106,99,56,292,126,121,134,55,41,130,184,169,124,86,110,82,38,43,24,20,22,10,8,129,112,114,66,44,152,158,159,109,94,78,60,55,44,43,35,30,27,23,185,189,261,144,64,34,248,151,198,386,206,573,261,879,275,162,572,321,857,694,241,34,60,0,0,13,3,1267,509,636,52,32,12,1,0,25,1306,1737,1029132,0,3243,1970,757,29,66,6,12,160,98,19,16,3,0,72,35,2235,862,100,124,22,112,92,51,40,25,13,129,299,256,198,139,74,70,66,39,34,23,14,7,7,97,70,62,30,22,171,320,242,177,113,64,63,58,49,37,29,24,16,23,213,228,301,131,46,22,177,98,428,292,177,524,301,531,165,128,869,704,464,387,214,26,54,0,0,13,8,1511,483,88,822,40,39,5,6,0,28,1449,1773
38,BOISE/ELIOT,60,25,31,0,0,0,0,2,1,0,0,0,0,1,0,27,33,2,0,0,1,2,3,3,1,1,2,0,5,2,2,4,1,2,0,0,0,1,0,0,1,3,2,4,0,1,1,3,3,1,1,5,0,2,1,0,2,1,0,6,3,2,0,2,0,7,5,3,7,4,11,2,18,10,3,12,4,19,13,5,0,1,0,0,0,0,24,16,7,0,0,1,0,0,0,44,16,85910,0,68,40,18,0,4,0,0,0,5,0,0,0,0,1,0,45,18,0,4,0,1,1,1,1,2,1,1,8,8,4,8,1,3,0,0,1,0,0,0,0,0,1,3,0,1,1,5,4,5,2,1,1,0,1,0,1,1,0,1,3,1,1,1,4,2,4,1,12,5,3,9,1,10,8,6,16,18,9,6,4,0,0,0,0,0,0,26,12,0,13,0,0,0,0,0,1,32,36
113,BRENTWOOD-DARLINGTON,11481,8697,145,169,818,27,35,556,329,10,10,3,1,606,75,9587,224,335,1016,69,916,448,476,389,243,141,403,464,511,580,509,489,358,208,167,144,108,104,59,41,432,415,375,190,131,385,470,489,493,470,426,338,199,196,155,180,128,93,74,567,557,1877,905,272,134,578,320,452,1536,809,2727,1877,3336,781,495,1576,610,2962,2561,1048,89,229,0,0,49,30,4613,2906,1397,116,95,17,6,0,76,7549,3853,4519236,3517,12994,8673,458,108,1344,35,18,553,682,11,60,7,2,892,151,9974,691,392,1596,89,1045,439,452,420,240,170,389,593,656,591,476,490,448,422,296,152,113,73,57,41,452,417,399,213,136,386,586,695,547,461,491,465,375,246,169,130,122,100,86,586,604,1903,867,309,155,703,402,695,1599,796,2915,1903,3627,941,573,1885,1002,3024,2659,989,83,185,5,0,80,63,5107,2677,533,1590,86,103,21,10,0,87,8397,4449
7,BRIDGETON,350,306,20,5,3,0,0,4,11,0,0,0,0,1,0,321,20,7,3,0,3,3,2,4,2,0,12,20,11,17,14,23,31,20,17,6,1,1,1,0,5,3,5,3,2,13,13,11,14,16,21,26,14,8,6,2,3,0,0,41,23,70,9,6,3,9,2,40,19,15,85,70,29,12,4,104,46,27,21,20,0,2,0,0,0,0,370,105,84,105,72,1,1,0,2,185,165,483417,95698,725,592,51,5,24,3,0,22,15,2,0,1,0,6,4,630,59,12,35,7,8,9,2,6,5,4,19,19,18,24,23,24,30,65,46,32,19,18,4,2,4,4,5,4,4,17,25,26,24,18,27,33,51,47,25,13,18,9,2,98,90,157,15,11,5,22,6,44,30,102,190,157,70,17,7,232,52,39,35,142,19,21,0,0,0,0,467,202,71,149,16,5,1,16,0,7,467,258
93,BRIDLEMILE,4835,4226,68,21,139,7,23,103,97,7,1,2,0,115,26,4441,100,50,190,15,188,142,147,182,113,43,113,135,126,163,199,242,206,135,104,62,79,67,36,21,121,158,179,113,43,113,133,123,160,228,264,231,142,123,93,100,106,57,33,240,399,1072,502,59,29,176,118,154,672,472,1307,1072,1291,124,70,793,178,1155,1110,654,35,160,0,0,0,0,2173,1326,774,44,11,6,3,0,9,3424,1411,3085016,0,4730,4080,63,22,172,7,1,140,178,4,14,1,2,30,16,4401,102,76,253,25,41,116,153,153,90,32,86,130,101,135,180,211,173,213,193,103,64,39,52,35,114,156,161,89,37,92,130,111,137,195,211,225,224,186,121,75,72,58,77,282,390,1017,441,68,36,163,89,171,592,496,1248,1017,1215,124,58,843,193,1032,987,681,50,149,0,0,8,24,2187,944,388,759,48,15,8,10,0,15,3378,1320
90,BRIDLEMILE/SOUTHWEST HILLS,817,767,7,1,15,1,0,11,10,0,0,0,0,4,1,789,9,5,19,2,5,23,33,39,28,9,8,8,6,20,41,46,57,27,19,14,12,8,6,1,23,27,37,21,4,8,6,22,28,51,55,52,25,15,23,8,3,4,0,23,30,215,108,6,5,20,15,16,129,54,241,215,259,6,10,69,17,231,230,79,7,7,0,0,0,0,321,296,14,1,5,1,2,0,2,787,30,562733,0,751,676,2,3,26,3,1,19,19,0,0,0,0,1,1,713,2,5,41,7,5,15,25,28,13,7,12,15,11,12,22,26,35,37,47,22,13,9,8,4,13,30,28,16,4,9,11,13,15,28,32,50,45,43,22,8,13,4,6,18,34,208,79,3,3,16,7,16,96,73,227,208,200,16,12,68,20,168,156,109,6,11,0,0,0,0,310,196,71,28,0,6,1,3,0,5,676,75
92,BROOKLYN ACTION CORPS,3542,2911,115,34,145,6,14,112,103,1,7,1,1,75,17,3132,156,80,175,17,117,107,78,74,39,45,177,274,278,180,141,146,120,54,37,30,27,15,12,6,107,84,75,35,46,215,253,186,127,138,125,101,64,37,29,23,20,22,15,340,264,449,187,67,35,188,120,364,377,156,704,449,671,128,125,968,497,599,540,199,27,42,0,0,0,0,1759,611,1061,45,15,7,3,0,17,1383,2159,2832026,1631584,3485,2905,64,25,103,7,13,124,137,11,7,3,0,48,38,3193,125,98,155,12,81,71,58,39,31,31,149,266,280,214,139,104,77,140,55,42,17,12,14,10,84,68,63,25,15,172,293,241,164,126,96,94,86,78,43,28,27,20,13,326,341,431,153,68,30,130,89,435,288,192,629,431,502,74,130,1102,611,439,406,225,38,72,0,0,3,3,1854,514,94,1123,80,15,10,3,0,15,1382,2097
73,BUCKMAN,7923,6523,325,112,213,10,35,259,172,15,20,2,0,188,49,6972,414,245,293,26,303,119,102,113,98,64,431,818,568,408,383,378,259,154,79,55,46,29,12,21,108,124,81,56,60,601,813,470,245,289,275,219,136,80,57,48,47,40,37,1130,1099,604,208,116,49,313,209,1050,519,327,1033,604,818,222,174,3279,1357,777,688,390,75,131,15,0,350,71,4578,710,3602,173,6,19,18,0,50,1587,5900,2819569,117187,8472,7151,199,81,220,8,27,297,296,18,14,4,1,94,62,7788,298,233,363,27,159,97,96,70,43,63,444,906,763,519,367,266,246,261,171,88,38,18,13,8,119,94,64,49,42,580,1036,634,349,209,162,177,176,126,67,42,32,26,11,1251,1091,654,203,106,57,235,141,1266,429,291,995,654,695,149,190,3608,1720,629,572,335,76,102,29,1,351,80,4862,608,135,3860,122,18,31,26,0,62,1680,6331
10,CATHEDRAL PARK,3033,2279,174,50,112,15,7,119,96,3,11,1,0,140,26,2487,218,128,132,30,187,97,102,75,36,42,121,116,123,148,124,114,111,75,55,54,36,37,14,11,102,81,80,49,32,112,114,126,117,133,105,98,87,77,61,57,48,39,24,232,262,468,176,72,33,173,98,154,344,309,713,468,716,181,126,648,181,622,539,381,42,107,0,0,0,0,1446,701,660,46,14,6,1,0,18,1638,1395,2167822,633539,3349,2656,172,31,69,27,2,125,138,4,5,0,0,95,25,2929,227,98,106,39,120,97,69,72,40,32,99,157,173,192,155,112,127,111,93,47,40,32,14,10,99,76,53,27,26,104,150,185,170,130,112,118,131,95,66,44,38,22,31,283,336,511,188,78,33,140,62,264,320,274,729,511,659,154,94,883,319,533,469,344,35,76,0,0,0,0,1703,758,155,699,24,21,6,3,0,37,2007,1342
84,CENTENNIAL,20207,15783,435,160,1250,56,43,644,566,14,23,18,0,1070,145,17025,582,393,1487,108,1446,792,825,800,466,290,645,695,774,817,827,712,562,406,357,313,262,215,137,58,777,770,775,485,279,620,668,749,788,791,700,597,457,410,376,372,300,181,159,738,943,3736,1761,404,231,946,603,511,2860,1720,5086,3736,6425,1229,799,2192,701,5686,5060,2364,139,479,0,0,19,20,7644,4867,2411,200,79,24,26,0,37,13457,6711,7549936,0,22323,14463,1098,199,1956,145,41,800,1312,58,76,15,9,1829,322,16781,1557,598,2272,225,2154,878,831,815,520,351,735,851,788,766,758,760,800,694,528,312,259,206,129,98,814,769,809,519,293,741,850,837,723,738,763,772,688,534,384,309,270,218,213,851,962,3504,1610,575,280,1185,721,606,2957,1744,5264,3504,7102,1830,1000,2419,871,5931,5162,2287,192,445,21,30,130,152,8138,3584,1173,2926,182,148,31,10,0,84,13536,8454
100,CENTENNIAL/PLEASANT VALLEY,1101,828,18,9,106,2,4,36,21,0,0,0,0,60,17,899,24,20,117,7,89,62,45,32,18,19,61,66,45,46,42,31,15,19,11,9,5,5,2,1,51,36,30,26,23,62,56,46,44,36,44,31,26,11,16,8,7,6,8,29,63,185,107,36,18,61,41,46,180,53,282,185,331,55,41,138,69,300,273,67,2,15,0,0,0,0,445,86,334,21,1,0,1,0,2,251,850,391413,6215,1339,833,75,8,90,7,1,62,104,4,1,0,0,128,26,1014,110,39,109,7,151,67,53,40,40,14,51,62,52,38,38,35,54,26,31,8,14,7,6,5,53,45,39,27,22,64,62,49,38,41,53,51,45,34,18,18,13,9,17,52,77,192,75,39,28,114,80,55,202,88,345,192,406,73,76,184,63,364,325,115,9,21,0,0,0,0,544,120,55,354,12,3,0,0,0,0,451,888
122,COLLINS VIEW,2291,2026,24,11,97,10,3,62,39,1,1,0,0,13,4,2128,34,30,136,16,25,35,50,70,35,90,161,86,89,63,82,107,103,65,40,16,21,21,8,8,43,51,55,31,116,151,82,64,68,96,106,82,56,39,35,17,20,19,10,90,104,402,169,32,14,58,28,142,222,128,492,402,438,54,43,336,216,370,352,175,10,37,0,0,136,174,856,651,177,11,9,3,0,0,5,1552,429,1881308,0,3036,2536,43,6,162,2,18,123,97,1,10,1,0,22,15,2762,72,39,246,10,54,29,38,40,24,266,320,82,69,58,73,55,62,83,79,49,31,10,8,5,39,45,33,22,397,470,62,63,63,53,61,76,87,64,49,32,20,9,10,94,114,383,124,27,12,46,25,136,173,169,456,383,345,38,34,344,268,269,252,223,14,46,0,0,469,699,848,470,134,196,6,12,6,4,0,20,1365,503
21,CONCORDIA,9564,5469,2662,80,314,52,16,471,183,28,6,6,0,188,89,6058,3055,241,429,83,323,283,314,311,175,131,362,426,459,394,342,377,271,195,141,98,84,76,60,39,291,287,293,164,188,392,459,494,447,384,393,327,201,160,128,107,122,83,106,411,614,1454,588,169,62,608,351,513,1161,674,2231,1454,2404,560,328,1538,695,2117,1771,863,63,203,24,21,112,197,3912,2676,1093,51,37,18,6,0,31,6365,2845,3451431,0,9550,6614,1502,61,268,41,24,408,265,25,23,3,4,217,95,7323,1784,234,417,71,294,317,209,169,116,142,324,445,548,522,436,282,268,285,198,122,87,48,37,33,282,189,174,92,177,413,502,591,513,411,327,295,304,248,135,104,75,55,75,415,584,1479,577,155,72,418,207,784,961,594,2052,1479,1835,427,311,1783,1161,1548,1345,740,67,150,23,22,192,265,4001,2288,422,1125,49,24,15,8,0,70,6282,2766
94,CRESTON-KENILWORTH,8234,6123,247,95,785,50,16,323,268,8,17,5,2,221,74,6745,375,211,905,73,372,263,215,218,112,110,438,537,459,386,360,341,226,141,114,74,76,59,47,38,265,213,190,108,110,420,464,373,324,322,288,230,162,109,99,98,96,66,83,587,628,1082,467,187,87,424,271,606,924,541,1693,1082,1827,446,291,1821,832,1578,1388,683,77,196,13,31,153,45,3690,1330,2184,91,30,17,9,0,29,3137,4855,2077471,0,8227,6042,418,64,671,35,10,329,316,26,18,3,0,223,72,6710,561,213,838,55,282,275,198,173,92,85,363,568,498,449,334,254,221,216,165,83,53,35,34,29,203,190,149,100,69,384,575,506,400,266,252,255,227,171,106,81,46,57,65,597,644,1013,435,175,87,441,251,843,839,439,1629,1013,1619,357,273,2084,1159,1380,1260,541,66,136,20,30,27,16,3887,1106,261,2346,90,23,10,12,0,39,3132,5002
124,CRESTWOOD,1079,948,6,2,31,0,1,42,20,0,0,3,0,21,5,1011,10,18,53,11,29,25,38,24,13,13,33,54,52,48,47,48,43,38,11,10,10,11,4,4,22,33,33,12,7,36,37,41,58,66,49,64,30,13,17,12,10,8,5,53,69,232,86,13,4,44,21,55,114,70,289,232,253,32,19,177,77,200,190,91,11,17,0,0,0,0,480,382,84,1,8,1,1,0,3,889,190,873360,0,1006,870,12,2,38,5,0,28,24,0,1,0,0,14,12,928,23,10,59,6,21,39,28,20,15,14,20,49,46,49,39,44,36,36,32,21,8,6,4,6,31,31,23,16,3,11,30,43,52,41,43,51,36,28,20,10,11,8,6,57,53,206,83,21,9,39,21,56,118,79,266,206,237,28,32,166,71,203,193,100,11,19,0,0,0,0,442,285,56,91,2,2,1,1,0,4,780,226
18,CULLY,12833,7075,1357,136,1062,67,22,496,629,22,83,8,3,1719,154,8227,1592,433,1208,113,1976,507,507,470,259,218,547,576,617,581,529,487,392,271,179,138,107,99,65,50,504,495,406,267,158,414,464,549,505,488,458,367,244,195,150,173,145,125,127,630,620,1899,933,314,143,653,403,516,1666,825,2866,1899,3710,1061,627,1766,728,3390,2944,1062,91,241,33,80,30,33,5042,2798,1834,206,66,55,6,0,77,7302,5355,7974457,217464,13209,6814,2050,147,758,53,31,539,822,52,134,14,3,1598,194,8267,2437,499,939,112,1784,484,458,436,273,169,393,550,663,644,489,426,418,386,299,189,108,81,47,58,507,479,394,243,137,354,641,669,528,474,434,460,400,288,179,152,97,94,108,685,708,1797,840,309,131,722,425,723,1593,841,2828,1797,3738,947,553,2116,1033,3248,2823,1048,103,222,50,59,42,46,5230,2128,668,2148,119,57,20,13,0,77,6974,6038
74,DOWNTOWN,9950,7394,609,120,959,22,26,373,193,21,8,3,3,172,47,7931,726,272,1091,62,330,49,24,15,40,273,857,789,617,509,446,434,448,297,266,201,208,115,100,54,35,26,19,51,312,763,492,282,234,202,244,268,233,175,198,179,204,138,153,2780,2130,676,70,50,17,123,47,619,154,1251,849,676,247,83,28,5529,682,186,164,1446,378,602,746,175,570,365,7179,525,5853,411,17,69,262,0,42,789,7305,2164858,299588,12801,9553,571,144,1254,32,31,469,407,43,19,7,4,185,82,10442,704,344,1529,90,293,64,32,21,29,466,1393,1034,658,474,427,467,521,535,436,270,198,155,102,67,65,21,17,27,565,1254,718,402,246,193,174,289,314,330,237,173,156,134,137,3032,2122,905,108,105,22,121,38,985,178,1368,1131,905,309,144,31,6139,1125,231,221,1596,431,570,309,76,1557,1075,8353,765,334,6171,576,68,39,339,0,61,1687,8097
8,EAST COLUMBIA,1490,1106,130,9,130,7,5,49,27,2,1,0,1,10,13,1179,147,33,143,22,32,50,50,43,22,9,38,47,65,72,69,67,75,47,37,37,26,12,10,3,42,47,43,21,20,38,60,51,53,62,68,57,42,39,23,15,14,5,11,103,62,286,103,27,12,65,36,70,172,122,378,286,368,97,40,235,84,318,273,156,19,15,0,0,2,0,762,488,125,34,75,5,24,0,11,1204,284,5501184,255139,1748,933,251,10,207,17,3,71,74,7,0,4,0,153,18,1079,292,29,246,30,166,45,41,49,24,21,59,65,50,64,77,69,100,80,63,37,14,17,12,9,70,59,41,32,15,40,61,53,54,68,70,75,76,46,31,25,24,8,4,98,67,315,111,52,21,70,39,68,200,133,437,315,437,153,70,233,96,356,303,181,11,17,2,3,2,0,735,375,148,147,30,16,2,6,0,11,1307,434
109,EASTMORELAND,4042,3768,6,11,100,7,14,62,55,0,1,1,0,12,5,3880,15,23,136,11,44,123,151,174,93,86,120,52,98,115,179,201,184,92,61,56,61,50,32,20,109,168,168,73,103,104,55,101,164,177,233,180,101,73,69,69,69,38,40,67,179,963,485,30,20,92,46,98,564,354,1085,963,1184,58,39,344,144,1059,1027,504,25,98,0,0,113,112,1487,1323,106,5,14,14,8,0,17,3522,295,1889072,36927,3886,3554,12,4,102,4,2,88,87,0,1,1,1,12,18,3743,23,33,172,5,24,112,150,140,93,30,81,54,52,108,167,127,176,181,159,81,53,38,33,26,92,177,146,99,23,85,58,55,147,157,172,174,194,158,100,50,56,39,43,80,176,984,445,33,16,101,61,75,543,361,1118,984,1173,84,50,331,137,1009,971,512,27,102,0,0,4,5,1491,1023,325,101,3,8,9,8,0,14,3595,282
117,EASTMORELAND/ARDENWALD-JOHNSON CREEK,130,120,1,0,5,1,2,1,0,0,0,0,0,0,0,121,1,0,6,1,2,4,1,5,3,2,7,5,1,3,5,9,7,3,2,4,3,1,0,0,3,3,2,6,1,3,5,3,3,9,4,9,0,4,5,1,2,1,1,3,4,30,14,0,0,4,1,7,16,13,34,30,36,3,4,14,9,27,26,18,1,3,0,0,0,0,48,40,8,0,0,0,0,0,0,109,21,339491,7218,87,82,0,0,1,0,0,0,4,0,0,0,0,0,0,86,0,0,1,0,0,4,6,3,3,0,0,6,2,1,3,5,4,2,3,1,0,2,0,0,0,5,3,5,0,1,3,0,4,5,5,4,2,2,0,1,2,0,0,2,2,22,14,0,0,2,2,1,16,4,24,22,32,0,0,5,4,29,29,6,0,1,0,0,0,0,29,16,9,4,0,0,0,0,0,0,81,6
108,EASTMORELAND/REED,806,664,5,9,57,1,1,21,24,1,1,1,0,18,3,712,13,17,64,3,23,13,6,6,4,131,120,22,13,13,8,15,19,10,6,4,7,5,5,2,7,6,5,9,152,104,11,11,10,11,14,12,13,6,4,7,5,6,4,20,12,71,24,4,2,13,3,20,31,35,88,71,63,23,4,52,27,50,42,49,1,3,0,0,237,241,149,85,55,5,2,1,0,0,1,204,124,625615,19261,1034,756,33,0,106,0,3,54,53,2,1,2,0,12,12,871,54,16,140,4,22,1,1,2,1,199,241,13,3,2,4,7,5,7,12,6,2,1,2,3,3,0,1,3,232,223,11,6,3,4,2,7,6,8,8,2,1,1,1,11,5,35,7,1,1,1,0,12,8,18,37,35,21,7,1,28,16,11,11,27,3,1,0,0,436,453,73,26,16,23,2,0,0,1,0,5,99,46
39,ELIOT,3299,1605,1124,41,41,14,17,192,93,8,13,1,2,91,57,1852,1298,128,67,22,217,108,78,87,53,34,144,246,231,162,133,123,81,54,38,16,19,20,14,8,86,104,78,52,35,189,239,196,147,109,83,92,57,39,26,27,33,28,30,310,330,255,111,76,32,232,144,297,332,174,563,255,649,197,130,937,451,633,515,200,32,62,3,30,72,12,1614,494,1006,51,11,11,4,0,37,1215,1967,2016413,165128,3543,2315,702,30,68,7,13,162,118,15,5,1,0,77,30,2594,800,109,132,17,110,96,59,62,23,24,161,306,264,210,187,120,89,80,55,41,20,10,7,5,86,62,50,32,27,193,280,243,162,152,93,94,83,69,39,23,13,14,9,377,325,288,127,54,29,178,102,441,294,163,520,288,515,154,121,1143,694,468,395,179,43,51,7,7,47,47,1785,446,67,1150,44,22,9,8,0,39,1220,2215
130,FAR SOUTHWEST,1585,1409,12,11,63,1,4,31,33,0,1,0,0,18,2,1474,15,16,89,5,24,48,46,62,26,12,55,69,59,82,70,78,73,26,32,19,12,8,7,4,40,38,34,38,16,65,59,75,77,75,84,73,36,31,15,18,9,5,9,87,111,323,145,14,3,48,27,91,186,81,385,323,382,55,28,289,123,332,314,106,7,18,0,0,0,0,705,467,207,9,11,1,2,0,8,1154,431,1580819,0,1320,1099,25,8,64,1,0,42,59,0,5,2,0,7,8,1204,31,32,88,7,14,23,30,26,15,19,35,43,68,46,53,50,43,57,45,16,27,9,10,14,25,42,30,20,11,29,42,50,49,57,66,50,70,40,29,18,11,15,37,77,125,266,94,27,6,37,13,68,124,148,330,266,278,57,30,270,89,211,194,186,24,54,0,0,0,0,645,365,72,163,30,7,2,0,0,6,1027,293
6,FOREST PARK,2856,2578,17,9,148,0,0,52,26,0,0,0,1,18,7,2662,31,30,179,3,19,99,106,134,66,14,30,40,66,109,156,183,150,114,46,38,23,20,20,8,76,145,115,53,22,29,45,81,132,154,186,140,78,42,32,27,41,20,16,70,91,746,385,26,16,47,21,65,436,176,819,746,881,66,42,226,76,794,769,245,13,44,0,0,0,0,1102,958,87,5,23,13,9,0,7,2664,192,31904767,3411,3735,3087,24,15,330,4,7,126,97,0,1,2,2,33,7,3308,43,45,428,18,46,97,121,163,79,34,66,61,66,104,174,172,178,205,139,111,34,35,22,14,77,137,133,81,26,57,65,91,125,165,181,184,195,125,79,51,38,18,32,126,151,950,403,44,23,74,44,112,493,306,1068,950,1030,108,50,389,140,888,839,434,24,49,0,0,0,0,1545,860,307,290,13,18,11,18,0,28,3155,580
4,FOREST PARK/LINNTON,575,527,2,4,18,0,3,11,4,0,0,0,0,4,2,544,4,12,19,0,9,15,18,14,13,3,5,13,16,26,30,33,28,19,15,9,7,3,1,0,23,14,20,20,12,11,16,17,36,32,32,27,18,6,10,3,4,3,3,20,24,133,59,7,4,19,10,28,77,31,159,133,153,15,13,72,30,137,130,43,2,9,0,0,0,0,241,192,39,5,2,0,1,0,2,485,90,16496008,0,394,351,3,3,10,1,0,8,11,0,0,2,0,4,1,370,4,9,15,1,4,7,12,16,7,5,6,7,8,14,12,32,17,24,13,14,8,3,4,3,5,14,16,8,2,5,7,4,10,20,17,22,17,19,7,3,4,2,0,20,6,95,39,3,1,5,1,25,42,36,103,95,104,9,2,51,30,85,83,48,6,1,0,0,0,0,166,103,33,18,5,5,0,0,0,2,359,35
48,FOREST PARK/NORTHWEST DISTRICT,0,0,0,0,0,0,0,0,0,0,0,0,0,0,0,0,0,0,0,0,0,0,0,0,0,0,0,0,0,0,0,0,0,0,0,0,0,0,0,0,0,0,0,0,0,0,0,0,0,0,0,0,0,0,0,0,0,0,0,0,0,0,0,0,0,0,0,0,0,0,0,0,0,0,0,0,0,0,0,0,0,0,0,0,0,0,0,0,0,0,0,0,0,0,0,0,0,0,0,0,0,0,0,0,0,0,0,0,0,0,0,0,0,0,0,0,0,0,0,0,0,0,0,0,0,0,0,0,0,0,0,0,0,0,0,0,0,0,0,0,0,0,0,0,0,0,0,0,0,0,0,0,0,0,0,0,0,0,0,0,0,0,0,0,0,0,0,0,0,0,0,0,0,0,0,0,0,0,0,0,0,0,0,0,0,0,0,0,0,0,0,0,0,0,0,0,0
96,FOSTER-POWELL,7368,5372,128,59,1047,19,17,275,184,4,9,9,4,163,78,5865,177,168,1148,47,346,254,256,253,146,88,272,368,337,343,247,273,233,125,81,75,80,87,49,41,227,224,188,147,84,254,361,298,306,285,274,226,139,123,90,124,151,113,146,358,455,1112,516,145,76,367,211,339,907,629,1624,1112,1968,526,324,1152,483,1695,1462,792,74,233,0,0,36,143,2926,1678,1098,53,40,16,2,0,39,4526,2663,2299738,0,7335,5021,230,70,956,114,8,285,249,22,20,6,3,276,75,5590,365,202,1083,135,349,238,204,160,98,65,239,388,445,405,280,254,213,206,163,90,54,41,39,42,243,175,169,102,64,223,377,444,339,241,231,224,225,174,92,88,71,88,141,378,506,1093,436,167,84,358,188,483,795,608,1618,1093,1709,476,306,1367,720,1388,1197,727,74,238,0,0,20,26,3159,1435,305,1245,71,47,6,8,0,42,4225,3064
71,GLENFAIR,2575,1648,113,37,121,2,11,86,160,4,8,2,1,343,39,1905,134,68,169,7,424,148,99,85,46,51,149,159,126,99,79,69,58,44,21,19,21,19,11,7,124,88,47,56,54,158,135,90,88,81,67,59,50,34,37,25,34,28,10,131,171,374,197,75,41,149,103,112,379,158,598,374,747,182,108,414,149,693,614,210,16,58,0,0,3,0,1081,282,730,51,12,3,0,0,3,749,1823,823225,0,3417,1518,327,58,159,28,13,136,419,36,25,1,0,618,79,2096,440,168,205,45,695,192,140,138,69,44,138,182,182,122,111,87,89,73,55,35,18,11,11,18,184,148,114,45,49,165,183,144,131,91,94,107,64,47,41,23,27,20,25,171,174,401,235,100,49,239,161,122,488,178,740,401,1114,318,174,467,161,1019,909,212,30,50,3,7,13,19,1302,227,63,917,74,9,4,1,0,7,820,2555
70,GOOSE HOLLOW,5015,4117,136,43,319,11,7,125,146,0,2,3,1,74,31,4399,177,89,370,20,134,50,21,26,11,76,471,547,347,248,191,151,139,99,82,64,64,61,32,34,34,25,19,18,92,445,428,219,122,108,135,118,91,87,49,63,91,77,80,1346,1101,430,74,52,15,84,43,564,148,529,566,430,218,65,39,3011,649,189,169,614,139,254,0,0,16,21,3913,430,3147,182,69,16,59,0,10,696,4282,883911,0,5869,4701,119,32,396,7,20,246,222,4,10,8,2,71,31,5180,177,113,564,33,111,51,25,26,14,82,548,694,408,279,159,148,126,153,144,102,59,45,39,33,40,27,25,17,143,604,592,271,152,122,94,92,120,125,70,75,41,59,65,1370,1098,515,95,57,20,84,33,829,157,492,656,515,244,75,34,3297,959,208,197,587,134,196,0,0,56,33,4361,504,199,3250,228,30,35,80,0,35,1136,4644
77,GOOSE HOLLOW/SOUTHWEST HILLS,580,524,7,4,13,1,0,13,5,0,3,0,0,2,8,549,13,20,17,3,5,2,3,7,2,4,37,59,51,26,28,33,15,18,8,10,6,2,3,3,8,5,4,5,7,37,38,38,14,22,25,14,19,6,7,5,4,3,2,112,69,71,17,5,2,8,6,77,25,35,84,71,46,3,6,258,99,36,36,45,11,9,0,0,0,13,374,135,207,13,6,0,2,0,11,247,320,246393,0,638,555,10,1,27,2,2,16,15,0,1,0,0,6,3,588,15,10,34,4,8,3,0,4,1,5,42,56,51,26,16,25,21,32,18,9,4,9,6,4,8,6,9,4,5,56,47,40,14,13,13,19,24,15,10,8,4,11,0,97,73,94,19,6,1,10,2,88,26,49,110,94,43,10,6,258,117,35,31,65,11,10,0,0,0,0,417,123,36,209,8,14,3,6,0,18,291,347
51,GRANT PARK,3469,3217,59,5,53,2,5,52,45,0,2,2,0,15,12,3318,84,24,77,4,30,98,127,140,66,29,73,98,123,140,163,206,158,84,52,40,27,24,17,10,117,115,107,72,21,57,107,134,150,197,214,174,82,49,48,40,49,36,25,110,187,760,377,43,24,130,71,134,496,226,933,760,1000,87,60,431,198,842,811,316,16,68,0,0,0,0,1405,1205,159,5,13,10,3,0,10,3102,367,1180776,0,3633,3200,46,8,100,1,2,138,103,3,2,0,0,16,14,3448,87,54,177,11,25,152,132,108,61,40,62,74,72,142,166,150,158,178,135,61,24,29,16,6,123,144,133,69,23,51,69,96,158,178,167,162,177,132,69,31,35,23,27,104,143,844,449,43,20,112,49,121,534,249,999,844,1115,83,61,368,163,922,899,321,25,64,0,0,0,0,1407,954,246,167,11,10,7,4,0,8,3238,395
54,GRANT PARK/HOLLYWOOD,300,264,4,0,17,0,0,10,5,0,0,0,0,0,0,279,7,3,23,0,0,4,6,11,4,2,4,19,13,16,9,14,18,6,2,3,3,5,2,1,3,4,6,4,6,8,18,15,14,13,23,16,4,5,1,6,5,4,3,11,22,59,14,3,3,15,8,19,26,25,77,59,66,10,9,52,27,42,41,33,5,8,0,0,0,0,131,103,26,1,0,0,1,0,0,241,59,109597,0,304,277,2,0,6,0,4,6,7,0,2,0,0,0,0,290,4,2,10,0,4,13,16,3,5,0,4,7,5,14,17,18,5,9,11,7,2,1,1,2,10,11,12,9,0,1,7,7,14,19,17,13,16,10,5,4,2,2,5,7,22,72,37,2,2,11,8,11,47,24,85,72,84,2,6,40,15,79,79,31,2,9,0,0,0,0,127,79,23,23,0,1,0,1,0,0,258,46
2,HAYDEN ISLAND,2130,1958,37,24,21,2,0,42,13,0,3,2,0,18,10,2013,50,52,34,11,26,30,27,26,23,12,47,61,76,59,96,144,136,149,77,54,42,28,18,7,27,24,25,16,5,43,45,70,71,71,120,151,104,72,45,46,42,22,19,318,251,415,62,32,18,80,31,128,132,252,527,415,238,60,39,697,154,198,159,323,43,83,0,0,0,0,1449,1012,212,62,104,12,36,0,11,1801,329,5432820,2305749,2270,1940,49,18,43,7,1,55,64,2,2,0,0,82,7,2057,71,61,60,12,87,34,28,27,13,18,32,54,58,65,59,92,120,148,137,121,60,35,31,15,23,20,27,14,8,31,45,54,55,73,100,123,156,158,102,53,36,28,17,297,295,427,51,29,8,82,32,150,112,405,538,427,277,74,39,742,172,186,155,498,89,97,0,0,0,1,1539,582,471,227,22,113,10,93,0,21,1888,381
107,HAYHURST,5317,4717,64,27,183,7,14,113,86,1,7,5,0,80,13,4917,88,74,242,16,113,150,147,140,90,30,148,237,200,211,234,199,211,103,86,58,72,62,61,62,166,129,138,100,44,163,209,208,191,226,255,203,136,79,85,103,97,119,165,253,469,1091,467,58,33,179,102,242,635,531,1328,1091,1195,139,97,964,321,1060,995,710,60,212,50,132,0,0,2382,1457,835,48,21,9,3,0,9,3449,1686,2952424,2883,5382,4678,78,12,199,3,11,172,128,3,9,2,0,58,29,4995,134,72,311,11,87,169,177,128,80,55,127,197,207,208,186,187,184,190,178,84,61,40,56,83,145,117,144,89,44,126,183,193,195,183,186,209,229,183,113,72,69,103,202,286,457,1076,443,87,50,187,107,257,625,579,1350,1076,1248,151,90,1000,314,1049,999,743,62,229,45,108,0,0,2494,1133,360,857,62,27,7,9,0,39,3588,1641
67,HAZELWOOD,19916,14868,660,209,1619,63,21,758,521,11,48,15,2,991,130,16157,865,442,1870,132,1383,758,672,639,349,255,740,797,733,797,710,644,561,410,334,300,330,299,204,152,692,631,582,377,260,761,731,703,666,722,689,560,462,343,380,480,450,404,339,930,1256,3393,1451,364,169,1008,602,690,2469,2070,4765,3393,5332,1225,756,2876,1003,4689,4118,2927,190,644,110,207,95,154,8054,4212,3429,265,55,36,18,0,39,10885,8465,10501101,0,23373,14726,1649,205,2199,199,22,846,1304,89,100,8,2,1737,287,17003,2160,644,2535,303,1981,815,751,737,423,295,874,981,905,795,809,781,710,706,510,306,249,216,252,295,788,726,662,406,284,805,917,880,756,794,755,767,721,564,409,336,351,397,645,1240,1723,3377,1442,520,250,1347,748,899,2761,2501,5244,3377,6255,1749,892,3862,1224,5284,4590,3165,330,901,282,197,110,181,9750,3042,1087,4977,330,108,33,24,0,149,10794,11809
81,HAZELWOOD/MILL PARK,105,77,6,0,16,0,0,3,1,0,1,0,0,1,0,81,6,1,19,0,1,12,2,4,0,0,5,5,4,2,3,1,1,2,0,5,0,1,0,0,6,0,3,0,2,9,8,5,4,6,2,1,2,3,4,3,0,0,0,4,13,21,10,0,0,12,11,0,21,12,33,21,29,3,2,17,0,27,27,13,1,5,0,0,0,0,51,1,49,1,0,0,0,0,0,5,100,122304,0,89,68,2,0,8,0,0,0,8,0,0,0,0,3,0,76,2,0,8,0,3,5,1,2,1,1,5,5,2,2,3,0,1,3,0,1,0,2,1,1,5,0,1,0,0,8,3,4,2,2,1,7,1,0,6,4,5,2,2,5,21,14,7,0,0,6,3,4,10,20,20,14,18,2,1,30,4,15,15,24,2,13,0,0,0,0,51,0,0,50,0,0,0,0,0,1,0,89
99,HEALY HEIGHTS/SOUTHWEST HILLS,195,186,0,0,3,0,0,5,0,0,0,0,0,1,0,191,0,1,7,0,1,5,7,6,2,0,1,1,7,8,6,9,9,4,5,8,6,2,4,1,2,9,9,4,1,0,0,2,8,10,9,13,8,6,9,5,3,4,2,5,16,54,24,0,0,1,1,6,25,35,55,54,48,0,1,27,10,44,44,44,3,12,0,0,0,0,90,76,6,0,3,4,1,0,0,183,12,142076,0,187,163,1,0,8,0,0,10,5,0,0,0,0,0,0,178,6,0,13,0,0,5,7,8,5,1,5,1,2,3,5,5,10,8,7,3,4,6,3,0,3,9,8,8,0,3,2,2,6,8,7,11,11,4,6,4,4,2,1,3,9,50,25,3,2,5,5,1,33,22,58,50,61,0,4,13,1,53,52,33,3,6,0,0,0,0,74,48,18,5,0,2,0,0,0,1,173,14
95,HILLSDALE,6976,6153,77,35,290,6,16,169,128,8,2,2,0,70,20,6437,130,92,367,18,136,180,193,210,100,45,217,287,291,251,280,324,275,195,122,99,91,101,66,56,178,165,177,90,50,257,294,264,263,295,355,313,173,128,109,139,143,100,100,435,569,1423,536,87,48,266,156,414,778,637,1776,1423,1465,136,117,1418,527,1293,1235,902,59,191,31,70,5,8,3309,2021,1173,62,21,10,11,0,11,4579,2283,4576112,0,7540,6525,97,29,283,11,4,260,227,3,3,10,0,55,33,7028,152,95,467,39,85,237,211,160,113,50,244,341,253,258,265,288,273,303,262,160,95,55,66,43,220,190,185,105,55,235,343,273,247,263,295,316,314,262,156,95,69,119,121,437,612,1508,607,97,52,264,149,457,836,672,1869,1508,1673,153,108,1506,612,1420,1376,891,70,203,29,68,8,6,3541,1557,554,1264,56,31,18,23,0,38,4986,2443
65,HILLSIDE,1104,1050,3,2,25,0,0,17,6,0,0,0,0,0,1,1073,7,3,34,1,5,29,30,32,24,12,7,20,17,26,37,62,84,63,38,30,23,13,11,7,26,17,25,19,6,12,16,20,28,41,59,91,53,42,27,17,19,15,6,63,69,292,96,10,5,26,14,42,119,128,328,292,247,13,4,174,46,202,197,168,17,38,0,0,0,0,527,478,24,0,13,7,3,0,2,1051,53,1575005,0,1569,1424,9,2,71,2,2,34,18,0,2,1,0,2,2,1471,17,8,97,2,10,28,44,41,18,6,23,31,28,47,63,54,58,90,83,69,38,26,15,15,32,39,44,18,2,19,32,41,49,48,60,65,75,102,51,41,25,18,31,109,139,390,120,13,9,32,16,72,150,235,435,390,303,18,22,320,81,264,256,329,20,61,0,0,0,0,809,465,185,105,4,13,3,19,0,15,1381,188
62,HILLSIDE/NORTHWEST DISTRICT,853,792,6,2,32,0,2,7,6,0,0,0,0,6,0,804,7,2,37,0,10,15,8,5,5,7,18,37,48,36,37,35,54,33,24,14,15,14,10,9,8,19,26,9,6,15,38,34,31,20,30,54,30,25,20,12,23,18,11,111,103,193,46,4,2,10,5,48,55,106,207,193,113,8,10,262,60,95,93,146,6,37,0,0,0,0,517,277,192,3,22,9,7,0,7,602,251,239175,0,631,578,1,1,23,1,2,9,12,1,0,1,0,1,1,600,3,4,31,3,3,13,18,12,9,5,13,14,19,19,24,23,30,28,42,18,8,3,5,4,11,11,15,9,2,19,31,13,13,26,20,32,29,43,7,21,10,4,8,41,74,150,46,4,3,11,5,36,55,70,165,150,113,4,8,151,40,98,95,88,4,26,0,0,0,0,381,148,68,100,6,32,4,21,0,2,476,155
55,HOLLYWOOD,1089,892,89,6,38,7,2,34,10,1,2,1,0,2,5,938,99,28,46,12,8,13,11,7,6,10,30,42,53,55,35,49,37,32,30,21,29,22,15,15,12,12,8,1,7,25,46,42,34,44,39,45,41,37,25,40,36,41,42,249,314,101,27,14,3,38,11,57,44,258,153,101,103,24,19,620,68,70,64,286,64,141,0,0,1,0,817,115,658,32,7,2,3,0,0,255,833,464110,0,1274,1023,63,10,62,2,3,45,44,4,1,1,2,8,6,1113,84,37,78,5,14,20,14,13,11,10,34,72,76,54,48,53,49,62,48,24,17,10,11,16,18,17,8,10,9,34,82,53,38,46,65,45,57,45,35,19,15,19,17,250,259,119,40,12,4,51,25,115,71,157,182,119,139,28,29,624,153,111,105,183,42,71,0,0,0,0,901,103,22,681,18,58,7,5,0,7,297,977
88,HOMESTEAD,1622,1348,9,7,162,1,3,34,34,0,5,0,0,16,3,1415,17,18,182,1,30,33,26,26,5,9,92,186,88,67,51,65,53,34,20,18,14,10,6,8,26,22,24,5,6,112,162,99,53,69,54,40,41,20,22,16,13,16,11,176,202,264,89,18,5,24,12,154,109,100,306,264,179,29,19,532,190,161,155,133,13,38,0,0,54,49,897,286,552,32,3,5,13,0,6,612,907,2303055,0,2009,1509,24,8,313,12,3,64,49,1,3,0,0,13,10,1625,35,34,357,14,21,28,24,34,16,6,86,221,123,90,56,59,59,68,65,33,21,12,4,2,37,33,25,16,10,141,214,105,74,58,56,55,53,51,31,14,12,10,7,251,265,317,102,20,11,28,15,218,131,109,365,317,257,22,21,734,255,213,208,142,15,29,19,0,17,2,1212,296,84,719,44,16,7,19,0,27,836,1135
85,HOSFORD-ABERNETHY,7007,5811,149,52,477,10,25,220,111,7,7,3,2,111,22,6144,208,129,568,25,199,169,142,134,87,47,272,480,490,295,293,334,262,161,79,60,64,58,28,28,158,135,155,91,61,324,473,367,307,296,296,231,145,90,79,82,81,71,82,561,653,1005,395,127,65,290,138,640,656,485,1422,1005,1276,272,169,1854,930,1047,940,625,47,164,9,0,32,38,3428,1677,1599,77,19,21,6,0,29,3895,3033,3128483,204619,7336,6323,67,38,376,5,19,233,161,3,17,4,0,49,41,6745,120,137,520,18,96,184,145,98,69,57,231,510,485,389,334,239,216,274,183,104,48,27,32,27,163,153,139,75,28,291,540,447,335,302,241,229,247,205,101,53,49,41,45,541,600,1129,451,107,46,217,116,785,639,416,1453,1129,1231,165,208,1926,1159,1021,977,519,50,107,11,0,25,29,3546,1364,416,1599,60,20,17,19,0,51,4201,3070
25,HUMBOLDT,5061,1742,2146,47,136,44,18,311,188,28,15,1,1,354,30,2102,2418,149,184,68,520,195,213,165,129,74,188,239,258,206,207,176,126,92,72,52,44,24,24,13,225,195,177,94,70,192,258,230,210,215,166,155,107,71,58,36,47,31,27,297,300,528,258,132,55,418,271,246,700,278,1078,528,1433,488,240,843,382,1393,1124,334,45,75,24,0,21,24,2092,821,1100,94,24,17,2,0,34,2212,2780,1424634,0,5110,2782,1271,46,150,8,34,223,235,22,37,2,10,234,56,3219,1450,184,229,38,310,200,155,102,91,57,183,340,320,296,186,138,126,142,88,51,27,12,26,13,158,122,102,67,49,186,385,341,276,177,126,145,112,105,65,49,37,24,31,395,415,500,233,117,60,342,204,458,576,276,959,500,1052,359,229,1268,713,997,832,333,36,75,0,0,25,5,2352,735,121,1371,39,28,3,2,0,53,2201,2879
40,IRVINGTON,6684,5091,932,36,149,9,13,212,120,10,12,0,0,69,31,5416,1052,133,211,26,118,167,151,183,124,47,162,327,340,275,271,286,273,182,88,63,63,53,32,27,154,164,197,103,68,207,362,343,291,288,348,310,191,105,80,100,107,87,65,451,805,1048,462,73,34,296,156,486,720,554,1417,1048,1408,227,190,1742,652,1243,1109,677,70,230,0,0,0,0,3292,1448,1711,66,22,15,6,0,24,3861,2823,1684311,0,6746,5489,458,31,195,6,18,200,192,3,18,2,3,83,48,5907,550,113,285,36,133,183,222,161,67,43,141,282,287,287,297,251,199,252,222,128,54,34,31,27,178,196,167,91,40,180,410,305,254,300,256,245,278,259,165,77,74,52,51,498,695,1139,525,72,35,249,127,504,723,570,1460,1139,1461,205,123,1697,650,1265,1198,685,90,199,0,0,8,3,3311,1202,317,1638,48,22,15,32,0,37,3974,2761
5,KENTON,6934,4241,1012,111,358,88,15,401,176,40,28,4,0,356,104,4804,1204,318,481,159,524,273,278,230,140,83,241,267,336,294,300,270,238,161,102,71,70,46,37,35,230,241,249,131,88,212,267,286,305,291,282,210,131,124,88,86,99,84,58,389,391,1040,477,125,67,429,243,333,897,546,1594,1040,1971,481,280,1113,437,1769,1506,674,65,167,0,0,8,10,2871,1792,915,78,36,23,2,0,25,4532,2384,8024597,953142,7272,4605,861,81,304,135,10,398,291,33,20,10,0,380,144,5322,1159,302,459,198,485,266,209,173,130,69,197,342,442,402,298,233,241,202,165,98,61,34,43,29,259,201,152,91,64,230,385,509,355,265,213,220,221,150,103,74,58,35,53,429,420,1050,437,133,61,385,209,553,822,457,1568,1050,1686,515,282,1402,740,1471,1230,585,64,98,0,0,12,17,3156,1608,324,1038,44,51,19,12,0,60,4699,2544
63,KERNS,5095,3985,277,66,176,7,32,213,191,8,9,0,0,95,36,4396,349,156,247,16,207,89,59,62,45,42,226,476,381,248,228,237,155,77,51,43,41,29,18,13,103,56,57,33,44,320,481,308,235,198,200,142,101,40,50,56,55,46,50,764,838,477,159,82,38,182,101,572,332,320,741,477,550,122,125,2174,726,478,426,379,62,145,36,28,36,80,3092,557,2358,115,7,17,10,0,28,1220,3695,2029466,73605,5340,4485,127,44,134,11,13,177,205,5,13,3,0,83,40,4896,186,153,215,22,118,78,65,41,26,11,194,507,466,321,226,161,138,149,106,50,38,20,14,6,83,57,49,20,15,294,650,413,269,170,126,135,154,95,81,37,31,25,19,785,839,475,150,65,37,137,82,753,285,274,677,475,446,65,83,2377,939,403,381,299,76,124,13,19,97,149,3243,545,95,2414,92,41,15,13,0,28,1366,3696
26,KING,5938,1857,2671,80,87,93,13,366,218,46,22,5,13,389,78,2356,3007,251,154,156,526,232,235,216,148,88,226,292,304,274,189,167,154,99,64,47,40,38,17,12,254,251,225,153,76,259,320,295,246,221,217,151,90,76,68,56,56,44,38,283,279,571,290,127,67,557,348,318,846,345,1255,571,1785,616,293,880,487,1714,1375,416,51,79,33,2,15,1,2326,1115,1020,91,36,16,6,0,42,2960,2927,1650398,0,6149,3447,1559,32,119,18,26,287,255,35,20,2,1,264,84,4004,1784,176,224,47,343,200,161,149,56,51,215,440,395,327,255,201,115,96,108,70,51,24,15,13,214,144,130,76,79,235,469,412,372,223,176,153,171,114,68,49,44,42,36,306,428,668,295,116,57,384,207,618,641,350,1168,668,1306,371,256,1352,990,1130,973,412,74,102,0,0,30,8,2690,1127,168,1225,67,37,9,1,0,56,3215,2896
61,LAURELHURST,4549,4149,55,23,131,2,16,88,52,0,4,3,0,19,7,4284,77,67,169,8,44,118,124,174,107,35,101,101,135,184,207,285,204,139,94,58,55,44,35,19,151,159,147,80,26,78,84,153,183,218,276,246,146,101,58,70,57,50,47,134,229,1040,483,37,17,147,68,178,601,358,1224,1040,1232,142,88,541,260,1058,1005,493,27,88,0,0,18,4,1818,1615,150,3,15,18,5,0,12,4147,380,1719565,10493,4633,4141,46,21,142,1,9,117,101,0,3,0,2,29,21,4370,75,50,221,9,52,142,187,141,56,29,95,94,105,192,180,182,207,222,170,95,68,33,26,26,144,169,166,106,25,72,68,112,190,198,212,202,232,196,120,74,36,35,26,121,217,1112,513,39,14,135,74,143,620,401,1286,1112,1319,91,81,481,208,1111,1077,539,39,102,0,0,53,2,1819,1230,375,162,4,16,8,7,0,17,4184,394
97,LENTS,15763,11609,259,170,1476,61,10,634,435,16,34,13,3,895,148,12744,379,395,1638,117,1311,650,667,555,302,204,572,671,765,631,697,574,450,324,226,188,163,138,76,46,628,615,517,334,219,586,609,628,624,585,549,438,302,235,247,247,219,145,137,739,804,2558,1257,379,202,779,460,568,2147,1271,3716,2558,4678,1111,690,2111,799,4212,3722,1597,160,452,1,2,22,75,6271,3259,2568,243,95,27,7,0,72,9240,6423,8275287,33049,17359,10405,779,182,2563,109,33,639,905,45,46,17,2,1409,225,12083,1092,515,2839,153,1624,663,610,555,344,260,577,716,776,686,687,637,556,545,359,258,184,138,90,75,676,588,473,356,207,559,806,733,622,583,524,566,527,396,297,217,195,177,141,782,842,2616,1178,423,213,952,521,742,2190,1359,3991,2616,4928,1462,810,2366,1058,4222,3618,1744,146,367,20,31,40,37,6763,2757,601,2999,165,102,19,8,0,112,9448,7783
98,LENTS/POWELLHURST-GILBERT,2849,2140,47,27,166,9,2,83,74,6,9,0,0,251,35,2317,70,83,196,16,302,104,102,101,64,32,87,127,90,117,123,104,73,68,43,42,51,36,25,18,108,108,112,51,32,73,95,113,108,119,89,81,62,59,51,51,55,38,37,89,103,468,219,65,43,138,81,83,385,205,671,468,852,214,124,275,117,750,646,288,20,47,59,66,2,1,992,635,311,23,13,3,1,0,6,1722,999,1256926,0,3106,1923,135,23,345,22,3,104,175,8,17,0,0,306,45,2228,194,79,382,32,351,107,95,114,69,36,102,97,111,103,125,106,118,86,58,56,37,40,27,29,108,113,129,65,44,103,112,112,95,110,102,117,91,72,53,52,40,34,38,93,95,460,222,65,36,175,96,101,413,213,700,460,955,278,130,289,129,799,683,285,17,32,68,70,11,16,1046,512,113,364,19,20,2,1,0,15,1791,1150
3,LINNTON,469,410,13,9,4,5,2,13,3,0,0,1,1,5,3,428,14,14,14,9,10,6,9,15,8,3,8,21,12,24,21,36,33,22,3,13,9,2,1,1,13,10,8,6,6,9,10,12,16,19,36,24,17,5,6,10,8,3,4,44,26,102,32,10,4,11,4,26,45,45,123,102,87,21,13,96,27,75,66,57,7,10,0,0,0,0,241,168,51,6,3,0,10,0,3,369,100,3453894,1420761,547,501,3,6,15,0,0,6,11,0,0,1,0,1,3,521,3,9,20,0,3,10,9,10,10,3,8,20,33,33,16,18,27,29,26,14,10,8,2,2,10,11,13,11,1,10,14,18,29,21,17,24,32,21,12,7,3,3,2,41,22,108,33,13,8,20,9,45,54,47,141,108,103,17,14,108,56,84,78,63,5,6,0,0,0,0,308,126,53,70,14,31,4,4,0,6,394,153
57,LLOYD DISTRICT,605,476,38,5,33,1,1,19,10,1,0,0,0,18,3,506,43,15,35,2,28,0,1,2,1,4,35,45,19,14,22,14,15,7,8,6,9,22,13,41,7,1,1,3,9,36,22,7,3,10,8,8,9,3,2,4,29,45,120,149,209,52,5,3,0,11,5,32,12,252,66,52,21,13,3,390,41,16,14,285,55,165,0,0,14,5,553,8,448,62,0,6,29,0,0,25,561,1280041,52881,1142,913,89,11,48,5,2,27,22,0,4,1,0,15,5,964,100,29,61,6,22,10,2,0,3,8,57,110,72,37,52,41,39,29,24,11,12,8,22,42,7,4,3,2,8,65,76,47,35,26,17,27,18,16,11,14,12,39,136,219,292,78,15,10,2,14,5,78,25,275,102,78,33,15,4,589,86,30,26,297,63,187,82,38,82,33,772,43,8,640,57,6,3,12,0,3,67,840
64,LLOYD DISTRICT/SULLIVAN'S GULCH,0,0,0,0,0,0,0,0,0,0,0,0,0,0,0,0,0,0,0,0,0,0,0,0,0,0,0,0,0,0,0,0,0,0,0,0,0,0,0,0,0,0,0,0,0,0,0,0,0,0,0,0,0,0,0,0,0,0,0,0,0,0,0,0,0,0,0,0,0,0,0,0,0,0,0,0,0,0,0,0,0,0,0,0,0,0,2,0,0,2,0,0,0,0,0,0,0,102427,0,0,0,0,0,0,0,0,0,0,0,0,0,0,0,0,0,0,0,0,0,0,0,0,0,0,0,0,0,0,0,0,0,0,0,0,0,0,0,0,0,0,0,0,0,0,0,0,0,0,0,0,0,0,0,0,0,0,0,0,0,0,0,0,0,0,0,0,0,0,0,0,0,0,0,0,0,0,0,0,0,0,0,0,0,0,0,0,0,0,0,0,0,0,0,0,0,0,0
36,MADISON SOUTH,6989,4550,320,46,1293,12,5,272,166,11,7,5,2,245,55,4944,440,131,1362,50,406,241,243,244,154,116,269,271,274,292,249,248,197,139,114,104,97,83,73,30,223,220,228,140,105,245,265,240,300,271,291,231,144,122,116,122,137,83,68,276,403,1115,471,151,78,364,234,258,873,617,1630,1115,1980,483,254,937,353,1693,1486,859,60,173,16,27,107,87,2689,1510,1057,66,23,6,5,0,22,3845,2907,4648780,3774,7130,4553,603,89,872,43,12,362,216,28,19,5,2,247,79,5157,826,219,1003,82,319,188,199,206,134,108,277,326,325,260,234,224,195,225,154,77,93,58,60,61,251,167,165,113,103,270,359,348,247,232,219,241,263,190,119,102,86,100,151,380,599,1000,406,124,53,437,264,407,815,710,1561,1000,1703,462,240,1386,526,1421,1225,856,100,297,20,21,98,113,3119,1144,362,1441,99,30,9,8,0,26,3661,3217
111,MAPLEWOOD,2598,2410,20,7,33,0,0,50,39,0,1,0,0,27,11,2504,28,21,49,4,55,69,78,83,54,32,71,92,81,73,112,138,112,68,40,26,46,38,27,18,66,67,56,46,26,78,69,76,118,111,138,126,62,44,45,56,44,43,69,91,154,567,246,27,13,82,45,118,318,213,676,567,637,65,45,363,149,519,498,317,10,54,24,68,0,4,1074,855,184,4,24,1,1,0,5,2051,451,1608935,0,2557,2266,16,10,70,5,4,85,58,0,1,0,0,24,18,2422,51,46,107,6,38,72,88,80,43,22,48,60,69,100,83,79,105,111,92,48,30,25,25,34,76,72,64,31,11,38,59,95,85,84,110,98,124,105,55,31,37,52,116,107,215,540,227,31,17,86,50,90,311,290,657,540,636,74,29,412,111,526,499,367,28,117,31,67,0,0,1129,623,186,260,17,13,4,4,0,22,1960,499
119,MARKHAM,2322,2074,24,5,89,11,2,65,24,1,1,0,0,13,13,2175,43,18,121,15,32,64,70,83,48,28,66,93,67,102,106,100,102,69,29,30,46,17,17,13,76,47,62,51,16,72,73,77,98,101,115,104,75,44,34,39,30,37,21,105,134,485,210,36,17,87,52,104,291,193,608,485,597,62,52,343,151,501,486,265,21,43,5,3,0,16,994,768,183,14,18,5,2,0,4,1908,390,1165657,0,2248,1938,36,6,95,3,12,74,45,2,1,1,0,16,19,2073,64,36,130,8,42,88,57,54,41,24,54,75,85,106,78,88,100,90,71,42,18,20,20,11,58,56,62,31,11,55,90,106,86,85,84,91,93,74,57,28,22,16,21,97,125,471,204,40,15,71,33,126,276,182,582,471,527,85,40,348,167,447,409,245,11,42,14,2,3,9,974,576,157,197,15,14,2,2,0,11,1781,439
120,MARSHALL PARK,1149,1073,5,3,22,1,2,14,10,0,0,4,0,9,6,1100,7,6,40,5,16,27,36,63,33,13,20,22,31,35,57,73,79,38,16,7,12,16,8,3,21,38,47,20,10,21,25,32,35,54,76,61,36,18,13,12,18,16,7,45,36,280,135,15,9,32,17,36,167,75,327,280,332,29,16,117,48,285,274,112,2,13,0,0,0,0,459,403,41,4,3,1,1,0,6,1054,95,1481823,0,1248,1153,2,1,22,0,3,36,20,0,1,0,0,8,2,1210,5,11,47,2,12,33,34,26,18,11,40,29,29,53,48,42,52,84,59,36,16,5,8,7,30,39,30,19,9,32,35,26,48,38,40,56,85,63,31,14,9,8,6,48,48,324,109,11,7,21,9,46,134,101,356,324,296,30,27,142,73,229,214,140,9,17,0,0,0,0,522,335,124,39,4,8,2,4,0,6,1140,108
35,MAYWOOD PARK,728,639,14,6,30,1,0,20,11,0,0,0,0,3,4,668,19,19,38,6,5,16,21,21,16,11,11,11,18,20,34,34,29,32,29,15,11,10,9,7,16,21,19,12,11,10,19,25,17,41,36,38,29,17,17,14,14,10,7,23,39,176,60,11,3,26,14,16,84,83,213,176,187,39,14,78,21,142,131,114,9,19,0,0,0,0,299,268,23,2,5,1,0,0,0,664,64,391098,0,712,606,18,2,39,1,0,21,16,0,1,0,0,5,3,644,24,6,53,3,9,18,14,21,12,2,18,16,21,22,39,22,31,29,19,24,10,13,5,6,21,20,24,15,8,7,16,26,23,42,22,33,26,32,23,8,11,6,7,26,35,162,55,14,8,31,13,17,85,80,207,162,179,35,31,78,20,145,128,113,10,13,0,0,0,0,297,196,59,30,0,7,0,2,0,3,625,87
13,MC UNCLAIMED #1,22,19,0,0,0,0,0,2,0,0,0,0,0,1,0,21,0,1,0,0,2,1,0,0,0,0,1,2,1,1,1,0,1,0,4,1,0,0,0,0,1,0,0,0,0,1,3,1,0,1,1,0,0,1,0,0,0,0,0,4,3,2,1,0,0,1,1,3,2,1,3,2,2,0,0,10,3,2,2,1,1,0,0,0,2,0,14,0,13,1,0,0,0,0,0,0,20,441326,0,22,8,4,0,1,0,0,0,0,0,0,0,0,8,1,9,5,0,2,1,8,0,0,0,0,0,3,0,1,2,1,1,2,0,1,1,1,0,0,0,0,0,0,0,2,0,2,2,0,0,1,0,1,0,0,1,0,0,0,4,4,1,0,1,0,1,0,3,0,2,3,1,4,0,0,11,3,0,0,3,1,0,0,0,0,0,14,0,0,14,0,0,0,0,0,0,0,22
116,MC UNCLAIMED #11,711,600,10,5,31,9,2,29,12,0,0,2,0,8,3,639,13,13,55,19,12,3,1,2,7,158,78,10,2,5,5,8,7,9,3,2,0,1,1,1,3,2,3,4,258,91,5,5,2,6,6,7,7,4,1,1,1,1,1,7,5,32,14,3,1,0,0,6,16,8,35,32,30,2,5,18,7,24,23,10,1,3,0,0,237,345,54,43,10,0,0,1,0,0,0,108,21,1546797,201466,2,2,0,0,0,0,0,0,0,0,0,0,0,0,0,2,0,0,0,0,0,0,0,0,0,0,0,0,0,0,0,0,0,0,0,1,0,0,0,0,0,0,0,0,0,0,0,0,0,0,0,0,0,1,0,0,0,0,0,0,0,1,0,0,0,0,0,0,0,1,1,1,0,0,0,0,0,0,0,1,0,0,0,0,0,0,1,1,0,0,0,0,0,0,0,0,2,0
128,MC UNCLAIMED #13,151,138,0,3,4,0,0,6,0,0,0,0,0,0,0,143,3,3,7,1,1,10,5,4,5,0,1,3,2,5,9,12,3,6,1,1,3,1,1,0,1,6,9,2,1,2,2,3,7,15,10,6,5,1,4,3,1,1,0,5,10,35,18,3,1,3,3,6,23,12,41,35,43,3,0,21,8,42,41,15,3,5,0,0,0,0,66,53,9,1,3,0,0,0,0,127,24,2080355,0,125,109,1,0,3,0,0,4,6,0,0,2,0,0,0,119,4,1,6,0,0,4,6,6,3,0,1,4,4,7,4,3,5,2,3,2,1,0,0,0,6,11,3,3,0,5,3,6,6,5,4,7,6,3,2,0,0,0,0,2,5,25,20,0,0,3,2,6,22,5,28,25,42,2,6,13,9,42,41,5,0,1,0,0,0,0,47,26,5,10,1,3,0,2,0,0,102,23
9,MC UNCLAIMED #2,0,0,0,0,0,0,0,0,0,0,0,0,0,0,0,0,0,0,0,0,0,0,0,0,0,0,0,0,0,0,0,0,0,0,0,0,0,0,0,0,0,0,0,0,0,0,0,0,0,0,0,0,0,0,0,0,0,0,0,0,0,0,0,0,0,0,0,0,0,0,0,0,0,0,0,0,0,0,0,0,0,0,0,0,0,0,0,0,0,0,0,0,0,0,0,0,0,0,253369,0,0,0,0,0,0,0,0,0,0,0,0,0,0,0,0,0,0,0,0,0,0,0,0,0,0,0,0,0,0,0,0,0,0,0,0,0,0,0,0,0,0,0,0,0,0,0,0,0,0,0,0,0,0,0,0,0,0,0,0,0,0,0,0,0,0,0,0,0,0,0,0,0,0,0,0,0,0,0,0,0,0,0,0,0,0,0,0,0,0,0,0,0,0,0,0,0,0
52,MC UNCLAIMED #5,206,183,2,1,2,0,0,9,6,0,0,0,0,2,1,199,8,3,3,1,3,6,5,5,5,2,5,4,14,10,9,14,11,6,1,1,3,0,0,0,8,3,2,4,3,2,4,9,13,8,19,11,7,1,3,1,3,3,1,4,13,49,20,3,2,4,3,10,27,12,56,49,48,8,1,27,17,38,34,15,0,6,0,0,0,0,85,75,8,0,0,0,1,0,1,182,24,60326,0,227,207,2,0,8,0,0,6,3,0,1,0,0,0,0,216,2,4,11,0,0,9,8,6,3,0,0,4,3,10,11,10,11,13,7,4,0,0,1,0,12,15,14,3,0,2,3,2,13,10,12,9,15,10,4,1,1,0,1,2,10,55,33,2,1,6,4,7,39,10,63,55,74,3,3,19,10,70,69,12,0,4,0,0,0,0,85,60,20,2,1,1,0,0,0,1,218,9
59,MC UNCLAIMED #6,2,1,0,0,0,0,0,1,0,0,0,0,0,0,0,2,0,0,1,0,0,0,0,0,0,0,0,1,0,0,0,0,0,0,0,0,0,0,0,0,0,0,0,0,0,0,1,0,0,0,0,0,0,0,0,0,0,0,0,0,0,0,0,0,0,0,0,1,0,0,0,0,0,0,0,1,1,0,0,0,0,0,0,0,0,0,1,0,1,0,0,0,0,0,0,0,2,35504,0,0,0,0,0,0,0,0,0,0,0,0,0,0,0,0,0,0,0,0,0,0,0,0,0,0,0,0,0,0,0,0,0,0,0,0,0,0,0,0,0,0,0,0,0,0,0,0,0,0,0,0,0,0,0,0,0,0,0,0,0,0,0,0,0,0,0,0,0,0,0,0,0,0,0,0,0,0,0,0,0,0,0,0,0,0,0,0,0,0,0,0,0,0,0,0,0,0,0
83,MILL PARK,6826,5267,138,53,583,14,7,207,185,10,5,4,1,311,41,5667,202,120,668,30,414,246,261,246,141,107,252,241,244,261,275,252,164,123,89,80,98,86,44,45,276,235,214,129,94,244,255,238,263,286,262,205,146,114,126,131,129,110,114,278,460,1171,543,135,77,336,202,209,907,657,1642,1171,1980,425,285,947,285,1748,1568,900,56,217,10,27,33,21,2736,1524,1065,78,38,12,1,0,18,4064,2671,2615956,0,8561,5248,575,73,907,41,34,321,584,18,23,13,2,639,83,6170,731,197,1057,71,776,364,296,304,196,136,292,303,367,295,248,289,284,262,179,110,74,53,49,66,368,323,313,187,118,296,333,328,289,288,264,326,250,190,114,103,99,98,107,331,423,1298,655,191,80,476,276,268,1136,642,1965,1298,2778,613,340,1022,398,2337,2081,825,63,192,9,18,56,64,3125,1144,397,1446,58,36,6,9,0,29,4152,4262
60,MONTAVILLA,16235,11816,514,150,1977,74,25,576,373,31,20,7,7,521,144,12767,714,372,2180,122,853,563,524,478,312,314,720,730,775,690,653,582,443,305,220,171,168,172,101,78,526,510,432,248,329,732,679,697,652,644,610,463,291,268,219,219,283,214,220,764,969,2543,1161,292,135,819,454,746,1945,1247,3654,2543,4247,949,515,2479,1049,3589,3229,1633,128,379,21,84,312,382,6477,3691,2442,150,74,45,7,0,68,9190,6246,5671948,0,16287,10891,868,164,2071,120,40,691,589,24,57,10,2,590,170,12228,1205,477,2376,187,773,555,432,400,251,188,648,791,854,826,651,569,548,491,361,218,133,96,78,68,577,404,353,222,172,586,836,841,695,597,571,552,497,381,222,197,150,116,160,913,1057,2402,1031,417,187,800,428,990,1847,1146,3619,2402,3805,1133,647,2960,1398,3181,2788,1425,137,348,0,0,157,166,6937,3058,759,2762,155,82,26,5,0,90,9185,6779
103,MT. SCOTT-ARLETA,7267,5696,136,69,558,40,10,340,163,8,15,0,0,181,51,6193,234,179,634,57,381,271,258,229,128,86,237,339,376,314,289,284,199,149,114,73,79,63,46,18,244,271,236,145,91,259,345,339,289,304,281,220,135,116,115,105,99,63,58,390,468,1124,512,153,92,400,239,366,938,578,1677,1124,2012,416,302,1224,480,1782,1566,715,72,209,0,0,14,18,3045,1728,1173,51,52,23,2,0,16,4345,2890,2235935,0,7397,5592,121,66,659,12,7,265,263,15,24,5,0,285,83,6174,229,210,773,28,358,236,211,191,99,63,211,357,488,401,317,266,240,216,170,117,69,38,37,24,232,168,151,99,72,214,395,447,374,258,234,242,255,149,114,69,74,51,48,418,461,1143,459,175,87,361,203,531,832,510,1679,1143,1694,380,307,1410,754,1387,1231,639,63,147,0,0,24,6,3222,1558,282,1249,44,42,11,8,0,28,4451,2916
75,MT. TABOR,9982,8526,126,32,657,24,14,237,184,10,7,3,0,112,50,8967,188,142,769,50,174,258,232,251,150,109,308,394,438,410,408,447,392,211,134,125,127,118,91,75,277,221,245,154,145,370,392,413,397,456,515,380,244,163,175,148,203,194,212,542,828,1853,769,129,56,371,185,566,1085,1028,2353,1853,2084,357,249,1936,743,1777,1636,1341,106,400,42,102,100,163,4486,2789,1500,95,32,16,7,0,47,6704,2871,4025214,94984,10162,8685,135,36,544,15,16,320,225,5,13,1,0,109,58,9251,224,177,726,35,161,237,243,217,124,97,302,392,405,438,419,349,357,383,317,173,101,100,61,103,254,233,235,103,94,316,410,410,444,420,360,412,445,330,225,140,117,131,265,597,918,1835,743,134,68,340,168,675,1039,1079,2309,1835,1995,272,242,2190,922,1645,1549,1332,136,431,45,71,123,158,4689,2176,679,1644,65,32,17,22,0,54,6815,2950
112,MULTNOMAH,6664,5551,209,69,214,30,7,201,144,8,10,7,0,186,28,5889,269,144,310,52,251,191,175,166,105,56,274,415,310,289,300,323,210,114,112,54,45,52,33,20,184,187,181,95,50,298,368,284,282,311,323,245,150,103,93,82,88,51,45,562,664,1084,449,118,66,308,207,477,768,432,1510,1084,1411,205,161,1703,590,1284,1198,563,41,168,0,0,0,0,3394,1596,1617,111,28,8,15,0,19,3465,3199,3736834,0,7409,6150,196,44,228,44,9,291,287,8,9,1,4,90,48,6746,305,153,377,77,129,246,188,158,107,59,241,423,376,275,275,247,246,277,210,95,69,43,36,35,177,145,159,99,50,306,461,365,280,243,271,286,297,242,151,85,64,59,63,593,760,1242,489,132,78,318,190,562,793,545,1692,1242,1508,198,157,1915,677,1279,1216,686,65,194,0,0,7,13,3813,1481,379,1747,87,52,4,18,0,45,4092,3297
66,NORTH TABOR,4473,3664,141,37,225,12,7,154,105,6,3,2,1,96,20,3925,191,91,283,25,147,113,114,90,172,32,145,245,263,181,183,164,132,82,50,30,50,51,26,31,115,81,102,71,47,175,278,209,188,200,182,146,67,78,69,92,74,76,69,341,556,655,248,75,39,202,111,302,427,468,932,655,812,135,124,1199,417,688,640,565,60,228,151,43,0,5,2243,921,1210,62,18,3,5,0,24,2109,2165,1501989,0,5163,4004,290,48,245,6,17,221,148,7,13,2,0,126,36,4378,397,131,346,23,165,133,96,116,104,44,151,339,305,260,213,156,169,133,132,71,49,27,29,43,128,120,85,46,35,160,317,288,236,193,144,161,164,155,79,70,75,59,78,464,587,709,289,94,45,239,132,411,500,456,1042,709,898,198,132,1462,561,758,706,533,81,201,114,41,3,3,2622,795,206,1503,74,12,9,7,0,16,2295,2707
45,NORTHWEST DISTRICT,11736,10160,277,114,416,20,17,276,236,14,20,6,0,148,32,10669,351,243,540,46,239,141,102,113,66,62,593,1335,895,597,431,445,387,273,145,123,110,78,48,48,124,131,110,74,130,818,1246,722,399,308,377,342,249,142,94,123,141,101,113,2631,2379,1083,293,89,43,288,181,1227,543,822,1460,1083,948,136,185,6237,1463,820,779,953,226,378,9,44,47,124,8163,1226,6471,328,26,29,46,0,37,2555,8957,3343087,167865,12767,10769,222,80,559,20,21,409,359,10,17,10,3,189,99,11602,338,236,807,59,280,184,128,119,51,45,603,1172,986,592,470,372,361,376,349,225,113,93,50,38,160,151,113,72,69,860,1454,815,518,360,297,287,350,315,209,138,92,97,83,2532,2576,1335,377,131,48,245,157,1370,612,968,1711,1335,1063,164,138,6478,1603,942,886,1129,260,398,23,64,73,115,9038,1435,363,6391,370,169,68,160,0,82,3568,8924
47,NORTHWEST DISTRICT/NORTHWEST INDUSTRIAL,7,2,5,0,0,0,0,0,0,0,0,0,0,0,0,2,5,0,0,0,0,0,0,0,0,1,0,0,0,0,0,0,1,0,0,0,0,0,0,0,1,1,1,0,0,0,1,0,0,0,0,1,0,0,0,0,0,0,0,0,0,1,0,0,0,1,1,0,1,0,2,1,2,2,0,0,0,3,2,0,0,0,0,0,0,0,2,1,1,0,0,0,0,0,0,2,5,198303,0,1,0,0,0,0,0,0,0,0,0,0,0,0,0,1,1,0,1,0,0,0,0,0,0,0,0,0,0,0,0,0,0,0,0,0,0,0,0,0,0,0,0,0,0,0,0,0,0,1,0,0,0,0,0,0,0,0,0,0,0,1,0,0,0,0,0,0,0,0,0,0,0,0,0,0,1,0,0,0,0,0,0,0,0,0,0,1,0,0,1,0,0,0,0,0,0,0,1
33,NORTHWEST HEIGHTS,2258,1939,15,5,204,1,6,61,18,0,0,2,0,2,5,2019,31,15,244,2,17,132,98,61,35,13,13,24,84,154,159,101,97,70,22,19,12,6,1,0,109,100,86,30,7,24,46,126,162,129,126,81,66,31,13,12,4,3,2,55,85,634,330,8,6,35,23,26,367,54,677,634,702,34,14,166,31,651,638,72,3,8,0,0,0,0,910,804,39,5,48,9,3,0,2,2191,67,2925692,10112,4806,3575,73,7,790,1,22,198,111,4,0,1,1,13,10,3881,114,19,951,17,42,167,233,221,119,29,34,49,70,170,249,279,232,162,136,64,43,23,7,5,156,258,226,99,35,47,67,130,222,287,297,194,183,133,86,47,20,19,8,110,215,1214,695,40,28,109,81,75,823,231,1363,1214,1629,81,35,400,84,1479,1453,322,8,45,0,0,0,0,1857,1420,197,146,12,34,2,26,0,20,4435,371
15,NORTHWEST INDUSTRIAL,21,20,0,0,0,0,0,0,0,0,0,0,0,1,0,20,0,0,0,0,1,0,0,0,0,2,3,3,1,3,2,3,1,0,0,0,0,0,0,0,0,0,0,0,0,0,0,0,1,2,0,0,0,0,0,0,0,0,0,0,0,0,0,0,0,0,0,0,0,0,0,0,0,0,0,0,0,0,0,0,0,0,0,0,18,3,0,0,0,0,0,0,0,0,0,0,0,5846645,1965028,7,4,1,0,1,0,0,0,0,0,0,0,0,1,0,4,1,0,1,0,1,0,0,0,0,0,0,4,0,0,2,0,0,0,0,0,0,0,0,0,0,0,0,0,0,0,1,0,0,0,0,0,0,0,0,0,0,0,0,0,0,0,0,0,0,0,0,0,0,0,0,0,0,0,0,0,0,0,0,0,0,0,0,0,6,1,1,0,0,0,1,0,0,0,0,0,0,0
68,OLD TOWN/CHINATOWN,2931,2184,262,106,65,9,8,93,83,5,7,2,0,84,23,2360,291,153,98,15,131,8,7,5,4,24,193,219,237,286,323,322,222,140,77,46,43,18,7,5,13,10,5,4,23,121,122,79,73,91,75,59,26,18,11,4,5,3,3,810,256,82,11,7,1,24,12,147,25,73,113,82,42,9,6,1213,173,30,29,77,55,7,0,0,1071,222,1630,5,1321,273,0,5,21,0,5,7,1631,547578,254448,3922,2814,437,93,94,12,10,165,159,10,16,1,5,67,39,3155,506,198,154,34,109,19,15,13,13,25,245,322,288,267,352,337,374,295,131,71,24,9,3,2,13,13,8,5,24,168,198,127,94,110,89,114,68,41,19,10,8,4,4,1117,435,100,16,27,8,32,21,253,46,116,159,100,73,31,12,1805,279,63,62,121,72,29,81,63,1084,235,2137,116,13,1835,73,14,6,52,0,28,181,2278
20,OVERLOOK,6093,4286,565,85,242,53,17,275,196,13,7,3,1,304,46,4726,691,184,349,88,411,201,187,188,106,77,235,255,314,286,293,287,214,124,77,68,59,50,47,23,183,175,186,110,76,226,221,268,266,263,242,217,131,91,82,77,72,63,53,360,396,878,383,138,63,322,170,368,700,461,1338,878,1509,381,291,1124,516,1329,1125,594,57,132,0,0,41,15,2590,1646,816,49,27,19,7,0,26,4030,2007,6771064,1597425,6093,4715,356,42,223,45,7,256,228,7,15,5,2,129,63,5236,465,144,349,68,181,211,142,115,58,38,168,316,390,346,303,215,206,213,165,81,56,31,20,23,181,129,90,61,48,150,362,386,332,240,210,187,200,173,90,49,32,37,39,383,399,935,381,116,43,227,119,559,596,378,1278,935,1178,267,193,1341,821,985,884,457,59,88,4,15,46,15,2756,1400,300,919,39,33,16,9,0,40,4059,1954
22,PARKROSE,6030,4151,497,75,547,40,5,231,125,4,12,0,0,303,40,4489,565,176,624,73,395,178,188,175,93,94,280,317,392,391,345,273,203,113,88,45,49,55,34,28,210,177,179,101,73,198,214,210,214,236,228,152,108,72,67,83,80,47,40,396,329,756,361,108,48,284,190,213,667,395,1148,756,1449,358,132,938,273,1300,1154,521,41,118,810,155,10,1,2244,1024,1062,68,51,8,7,0,24,2756,2298,4732226,845861,6363,3551,759,69,598,109,5,253,321,51,20,9,1,533,84,4156,947,197,701,144,579,225,187,151,89,120,316,356,336,305,326,314,267,191,143,95,50,40,20,18,197,190,180,112,73,186,238,260,259,161,214,186,172,134,82,54,38,39,39,417,315,785,350,127,62,310,187,230,684,379,1222,785,1577,427,219,962,294,1329,1150,467,67,98,763,56,42,16,2314,804,220,1160,58,27,6,5,0,34,2803,2683
44,PARKROSE HEIGHTS,6093,4778,184,57,604,2,13,179,100,9,3,3,5,133,23,5047,234,106,681,30,219,213,185,197,120,65,152,175,231,224,228,222,178,116,92,76,89,117,91,83,206,185,195,117,80,168,177,185,239,236,210,169,124,102,124,148,180,170,224,274,462,1054,459,112,53,256,130,174,731,783,1422,1054,1587,429,184,910,235,1414,1222,1059,74,306,72,189,6,5,2447,1453,879,48,36,7,11,0,13,3841,1980,2572620,0,6119,4213,361,53,644,46,6,200,234,14,20,2,6,272,48,4664,455,150,728,69,318,208,176,196,117,83,172,215,210,204,209,213,232,215,160,96,66,68,58,73,177,184,189,118,90,176,192,215,211,182,209,244,211,168,130,78,98,101,175,287,424,976,405,144,64,314,161,223,723,726,1434,976,1651,479,229,934,330,1363,1149,900,95,261,23,31,20,12,2503,1121,330,917,53,25,10,6,0,41,3866,2167
53,PEARL,1113,909,40,17,48,2,3,33,30,0,1,0,0,22,8,969,50,34,66,4,35,22,9,6,5,8,45,84,107,82,40,58,48,34,23,10,8,4,0,0,12,8,1,4,7,46,74,85,41,55,55,61,24,22,18,3,2,0,2,305,202,139,10,12,6,21,14,67,36,37,172,139,43,10,3,574,71,39,33,47,12,13,0,0,23,78,816,391,355,24,13,9,19,0,5,560,452,991151,160629,5997,4942,138,34,448,10,7,182,149,5,2,7,0,50,23,5280,182,95,564,19,75,91,30,13,6,12,138,420,489,403,312,245,210,238,213,143,77,37,22,18,82,36,14,17,20,167,480,403,313,233,171,163,212,212,152,91,53,30,31,1429,1255,916,146,45,22,81,50,466,228,536,1042,916,327,37,26,3150,479,289,277,654,106,210,0,0,19,1,5315,1191,302,2699,327,272,71,410,0,43,2333,3644
16,PIEDMONT,6427,3409,1842,61,227,12,9,350,151,22,6,2,0,278,58,3868,2092,225,289,34,385,257,229,225,113,77,184,238,337,267,256,209,189,128,94,80,61,47,31,20,231,219,211,136,71,174,287,340,289,245,252,213,154,120,106,84,87,82,84,295,437,903,393,137,75,448,247,298,852,505,1488,903,1743,535,260,1030,403,1621,1309,631,53,173,13,37,0,15,2646,1699,819,67,25,14,2,0,20,4275,2087,2488746,0,7025,4295,1372,48,189,39,20,319,257,33,15,6,1,313,118,4906,1588,207,324,73,428,227,201,166,92,55,203,326,413,398,324,194,197,168,172,113,67,54,34,24,256,152,159,85,45,182,358,426,393,264,208,195,210,194,144,93,82,61,90,362,545,965,411,134,63,365,201,503,765,558,1464,965,1565,429,281,1410,769,1335,1157,658,70,204,61,66,9,6,2983,1590,254,1030,32,30,19,7,0,21,4494,2389
101,PLEASANT VALLEY,5548,4748,61,37,398,8,11,108,87,2,0,0,0,64,24,4950,100,82,442,16,109,162,180,224,137,67,131,150,164,194,272,273,244,159,98,106,70,46,34,25,184,183,187,124,77,131,134,155,210,287,282,214,151,111,109,97,77,55,44,142,168,1287,525,75,37,185,97,127,717,448,1547,1287,1646,262,182,437,174,1380,1265,654,15,90,0,0,3,10,2099,1732,252,18,64,11,5,0,17,4812,723,16232113,64670,8984,6382,188,46,1488,30,27,226,306,6,17,5,0,183,80,6959,273,139,1624,59,257,327,347,349,198,121,247,231,299,339,322,336,365,315,277,161,82,86,51,37,301,325,325,194,106,209,257,326,330,307,309,373,371,243,163,111,87,75,82,175,188,1889,826,138,57,292,155,201,1160,642,2319,1889,2837,736,265,564,285,2366,2101,897,30,78,6,8,35,40,3042,1979,420,484,27,50,14,13,0,55,7226,1669
110,PLEASANT VALLEY/POWELLHURST-GILBERT,1434,1186,28,17,93,1,2,46,31,1,0,0,0,25,4,1259,41,39,109,2,35,54,67,55,22,19,46,50,40,59,54,50,44,28,22,25,18,23,16,17,55,41,43,27,16,37,43,57,66,44,51,38,26,25,21,27,42,40,26,50,65,243,114,31,20,56,34,37,185,103,330,243,399,62,60,152,58,364,325,130,7,31,50,80,0,0,495,334,148,4,5,1,1,0,2,902,402,822679,0,2420,1524,205,11,264,11,0,128,111,14,5,1,2,126,18,1768,275,63,300,31,143,111,105,128,63,38,74,73,92,86,75,77,71,59,48,32,24,19,12,17,108,134,75,62,28,69,95,89,89,88,85,67,48,52,28,31,25,26,17,75,66,346,196,57,34,141,96,63,351,135,544,346,886,165,95,204,92,786,716,172,16,30,44,44,0,0,781,303,90,355,11,13,3,3,0,3,1112,1220
12,PORTSMOUTH,8304,4241,1267,163,620,51,14,397,508,17,23,3,3,852,145,5136,1481,371,734,105,1088,432,431,348,202,132,319,341,326,308,301,265,197,140,92,61,63,53,33,21,388,410,365,179,128,270,375,336,325,334,239,214,171,128,92,96,82,55,52,260,381,1025,531,224,107,713,500,263,1304,481,1962,1025,2884,698,431,904,384,2755,2353,608,40,143,0,0,12,4,3046,1378,1488,87,39,21,1,0,32,3665,4623,2827195,0,9789,4581,1815,134,370,143,17,489,731,29,67,9,14,1192,198,5887,2178,431,512,215,1350,477,442,441,206,144,328,390,426,399,300,255,243,206,151,94,58,35,20,16,485,441,408,215,123,363,454,558,472,322,289,248,229,176,149,87,43,39,57,337,497,1149,625,202,117,809,556,455,1443,512,2160,1149,3380,737,410,1289,618,3115,2716,585,71,179,16,1,8,21,3627,1473,222,1754,102,32,9,12,0,23,4483,5260
91,POWELLHURST-GILBERT,18542,13832,458,182,1719,37,20,721,567,17,24,9,7,824,125,15156,669,429,1947,94,1144,778,760,734,416,257,583,655,679,824,786,686,535,391,293,213,195,181,96,75,753,749,733,403,251,617,660,702,764,732,667,528,368,332,239,288,269,168,182,688,782,3065,1565,389,218,958,605,583,2655,1255,4412,3065,5883,1214,701,2053,849,5325,4750,1671,118,332,115,132,65,53,6912,3766,2699,221,140,27,12,0,47,10805,7372,8750669,0,25113,14284,1704,238,3679,304,59,923,1269,62,104,19,13,2130,325,16623,2217,787,4001,419,2446,1096,1050,977,559,358,831,983,1001,850,812,836,810,695,486,355,220,158,111,98,1051,961,913,551,358,930,1126,1032,890,825,893,772,718,540,397,279,207,189,195,883,1015,3572,1794,593,283,1608,1051,729,3485,1555,5773,3572,8344,2220,1011,2627,1092,7149,6274,1967,175,361,61,112,148,153,8990,3263,835,4302,272,155,28,26,0,109,11925,12714
105,REED,3167,2562,83,17,199,1,2,116,98,3,6,2,1,63,14,2776,107,70,248,12,90,74,48,33,28,41,191,219,159,108,109,116,95,61,51,37,49,49,37,45,48,47,51,21,32,189,160,125,89,70,113,106,70,74,55,68,102,90,107,356,460,450,135,64,26,99,48,232,228,379,613,450,432,99,65,1048,301,350,320,490,36,176,29,60,20,50,1739,606,1055,57,8,4,2,0,7,1291,1717,1149063,1343,3365,2773,85,34,183,6,8,119,90,3,3,1,0,40,20,2993,130,74,236,19,62,62,52,45,36,23,178,206,178,128,108,82,114,87,100,64,47,38,50,46,58,45,40,30,28,209,196,131,97,97,102,88,110,96,88,66,58,58,124,414,480,441,143,47,24,128,60,311,249,464,616,441,455,95,59,1205,397,368,337,563,91,205,28,61,2,6,1890,408,199,1214,34,6,10,4,0,15,1355,1913
86,RICHMOND,11245,9321,152,86,820,17,39,337,203,7,12,7,0,196,48,9879,244,230,957,35,316,267,288,256,142,94,374,789,687,535,415,473,358,203,138,97,88,106,77,38,282,254,224,147,105,484,748,661,495,467,467,343,208,168,147,170,167,144,139,643,877,1716,663,192,86,474,250,1037,1089,869,2382,1716,2164,418,316,2557,1509,1783,1628,1118,79,313,44,7,41,91,5127,2973,1966,75,33,15,5,0,60,6957,4105,3292354,0,11607,9735,153,55,671,17,26,411,311,2,8,8,0,132,78,10506,257,219,917,27,213,317,297,218,113,52,354,679,703,683,533,380,328,360,262,128,92,65,47,48,312,294,218,121,66,432,741,735,615,527,371,374,349,256,157,116,80,82,102,649,881,1871,823,148,74,383,200,1142,1169,693,2402,1871,2130,326,338,2672,1738,1842,1719,873,81,214,39,48,35,8,5290,2398,620,2056,73,37,27,21,0,58,7186,4291
43,ROSE CITY PARK,8845,7407,193,63,654,34,12,195,124,4,12,6,1,100,40,7751,258,150,727,49,166,290,224,248,154,81,196,327,428,455,395,393,362,185,118,71,109,72,55,53,231,257,223,138,84,228,363,440,488,467,450,369,207,134,120,124,114,112,80,455,663,1766,750,135,65,367,203,452,1092,686,2268,1766,2135,324,208,1570,567,1765,1642,910,58,221,0,0,5,2,3955,2836,1002,56,28,13,4,0,16,6820,2018,3026773,0,8982,7592,168,48,560,14,10,239,203,9,4,2,0,79,54,8072,265,130,676,31,124,284,275,225,135,66,152,307,395,457,451,359,325,347,272,131,84,52,43,40,285,264,194,111,58,171,307,408,461,409,398,384,384,297,151,99,67,64,70,454,652,1771,801,136,52,347,191,505,1108,630,2254,1771,2123,350,206,1611,664,1773,1666,801,60,168,0,0,3,0,4007,2268,542,1055,45,25,14,15,0,43,6856,2123
34,ROSEWAY,6424,5190,227,44,537,15,9,192,112,2,6,3,0,54,33,5499,300,130,601,32,115,229,181,201,137,74,184,260,298,313,267,277,218,136,92,66,68,67,47,27,156,178,168,120,67,151,270,292,345,285,311,233,163,85,83,107,107,84,77,328,520,1180,499,105,43,315,168,296,790,566,1600,1180,1642,299,181,1144,378,1370,1215,733,55,206,0,0,0,0,2845,2091,653,23,27,14,0,0,37,4863,1561,2166412,0,6323,4959,233,30,491,17,20,201,183,23,16,3,1,98,48,5359,343,142,578,36,159,209,153,135,69,38,124,244,309,367,275,225,207,217,183,114,56,36,32,24,218,150,107,83,48,138,257,337,312,281,267,252,261,215,124,71,53,65,67,329,526,1135,461,121,47,291,129,378,703,523,1547,1135,1414,346,168,1233,476,1124,1013,642,72,156,0,0,4,0,2891,1713,393,674,31,31,8,2,0,39,4762,1557
49,RUSSELL,3171,2652,55,17,290,0,3,77,21,0,0,0,0,47,9,2746,70,29,327,6,81,76,113,119,58,38,71,71,82,121,127,106,102,94,77,71,81,58,44,25,86,98,103,57,20,77,77,83,116,125,107,115,99,87,97,110,84,54,42,70,158,740,250,49,20,118,58,58,353,429,907,740,887,167,94,286,88,710,651,666,17,95,0,0,0,2,1227,1044,149,7,13,4,0,0,10,2655,514,2064593,0,3175,2341,163,13,320,17,2,112,91,3,25,7,0,52,29,2556,188,94,398,27,68,80,81,98,67,43,86,81,101,91,108,114,131,102,85,62,59,52,49,34,86,81,91,58,39,94,90,109,79,118,112,130,108,88,88,75,76,73,56,114,164,621,227,61,28,144,47,82,344,426,826,621,848,222,82,360,123,635,556,596,39,103,4,9,17,63,1241,717,271,198,7,18,2,3,0,25,2486,596
30,SABIN,3192,1866,811,30,62,19,15,166,83,18,8,0,0,104,10,2072,942,117,95,29,140,110,94,110,80,31,84,151,174,148,119,128,120,46,47,34,27,19,15,9,94,90,101,58,34,94,144,201,162,142,138,124,73,41,36,35,29,26,24,143,213,441,193,70,37,203,111,229,407,204,714,441,794,214,132,585,312,737,594,254,19,54,0,0,0,0,1354,931,368,17,14,5,2,0,17,2231,961,945959,0,3247,2390,459,19,81,1,12,118,87,4,4,0,1,52,19,2606,529,59,134,6,72,110,85,70,38,24,75,147,173,212,169,117,92,81,85,33,23,8,7,8,112,90,69,44,22,71,179,194,178,172,111,104,118,94,48,30,15,15,24,128,193,531,255,55,31,137,65,296,386,174,723,531,720,130,90,617,436,618,563,211,20,42,0,0,0,0,1398,807,155,378,10,9,9,6,0,24,2341,906
41,SABIN/IRVINGTON,929,705,160,1,11,0,0,31,11,2,0,1,0,3,4,745,179,12,16,1,13,34,24,29,13,7,16,34,40,35,46,57,44,21,15,5,4,7,7,5,26,36,27,16,6,16,36,46,34,48,46,54,30,14,9,10,18,9,5,30,40,191,81,10,3,42,15,50,112,59,243,191,225,51,23,120,76,205,179,79,4,15,0,0,0,0,375,317,46,3,4,1,0,0,4,801,128,272676,0,902,735,88,0,34,0,1,24,18,0,0,0,0,1,1,778,98,5,45,0,2,32,29,23,15,6,15,26,31,42,36,37,29,44,35,17,10,2,0,4,30,30,30,18,5,9,25,33,39,44,38,39,44,33,20,10,5,8,9,33,50,198,92,8,5,36,16,39,117,69,242,198,246,24,14,122,56,207,199,85,7,15,0,0,0,0,381,260,60,44,1,2,2,2,0,10,790,112
104,SELLWOOD-MORELAND IMPROVEMENT LEAGUE,10676,9485,138,77,322,25,11,301,178,5,11,2,0,71,50,9991,249,216,414,49,137,275,234,252,144,78,340,555,580,451,423,472,399,201,135,108,114,117,102,76,270,271,248,140,93,376,629,532,463,443,494,346,259,182,150,176,205,163,180,835,1209,1778,639,156,88,508,314,754,1118,1117,2442,1778,2103,313,245,2798,982,1834,1691,1391,159,503,8,6,1,0,5470,2758,2482,90,46,28,16,0,50,6151,4510,4675958,661460,11621,10137,101,81,337,18,27,396,332,7,12,1,0,110,62,10911,200,240,552,48,182,396,355,207,122,64,282,475,571,534,459,384,380,403,331,207,128,87,71,87,339,306,221,122,65,320,586,576,564,489,422,391,447,372,268,165,150,116,159,832,1242,2097,890,182,94,416,244,793,1288,1202,2695,2097,2381,268,260,2867,1043,2068,1958,1438,220,504,0,0,8,2,5882,2320,597,2645,95,47,42,62,0,74,6759,4852
114,SOUTH BURLINGAME,1555,1404,12,11,52,1,1,36,18,0,1,1,0,10,8,1462,14,24,77,3,21,29,30,34,22,13,43,58,85,56,74,76,68,46,27,23,15,21,9,12,50,26,40,20,16,33,73,67,68,71,89,77,44,27,16,23,24,29,21,102,133,330,118,15,8,51,21,98,154,144,396,330,301,40,17,333,134,251,240,189,18,43,0,0,1,3,765,583,146,10,13,5,0,0,8,1258,293,1143578,0,1747,1536,23,10,49,7,6,50,38,0,0,0,4,12,12,1627,43,27,77,18,25,53,42,23,12,6,75,62,83,79,69,61,65,66,68,32,22,15,10,5,48,40,39,20,15,88,71,70,69,75,57,71,84,69,28,25,9,11,10,99,123,364,140,24,9,53,21,121,179,131,441,364,330,53,29,343,187,277,260,167,23,29,0,0,0,0,827,441,142,201,13,14,4,4,0,8,1318,429
87,SOUTH PORTLAND,4865,4208,107,23,203,11,6,126,110,1,1,1,0,46,22,4449,134,67,257,26,104,72,57,54,26,37,288,454,317,202,178,186,209,150,68,60,62,30,21,15,59,51,36,33,48,309,402,250,186,154,184,202,140,78,77,55,51,32,32,661,681,709,144,78,32,129,61,563,257,346,916,709,455,97,66,1905,711,388,362,435,50,129,0,0,6,0,3066,1168,1653,109,46,26,38,0,26,2033,2826,3528063,972618,6631,5477,111,32,426,12,21,226,186,2,10,5,0,83,40,5908,158,100,573,32,140,102,55,49,37,40,376,648,444,319,204,174,173,199,204,128,66,55,38,22,116,58,47,26,30,419,633,373,259,186,172,171,226,219,140,80,64,40,39,818,866,1043,221,71,33,139,74,846,342,511,1253,1043,590,105,70,2530,1037,490,469,672,64,163,0,0,3,0,4500,1164,338,2281,265,252,47,106,0,47,2665,3963
89,SOUTH TABOR,6131,4612,117,32,805,27,13,175,189,8,4,1,2,125,21,4953,195,83,895,44,167,195,175,179,128,65,175,262,296,260,262,262,189,136,89,69,84,75,74,36,177,162,152,80,52,205,257,286,251,232,252,222,130,121,109,108,132,106,86,280,489,1056,440,121,57,286,141,308,705,645,1463,1056,1512,378,163,1077,396,1248,1106,851,58,226,8,6,51,21,2657,1553,987,65,25,7,2,0,18,3722,2323,2078857,0,5995,4478,138,23,731,26,17,214,173,3,24,4,0,128,36,4880,204,124,845,42,172,179,135,111,73,56,157,283,292,301,251,212,223,227,143,109,55,40,39,43,206,122,109,67,49,178,288,328,289,244,205,208,219,183,107,73,65,65,61,348,438,1018,383,133,49,307,154,403,628,518,1458,1018,1300,290,193,1189,530,1002,933,652,73,151,0,0,5,12,2762,1240,354,1053,63,18,7,5,0,22,3666,2312
79,SOUTHWEST HILLS,6146,5710,29,8,171,4,2,107,71,1,2,1,0,26,14,5892,53,50,233,16,44,147,188,201,92,36,109,144,166,194,261,282,304,251,156,129,109,99,60,70,149,174,180,92,28,94,130,185,211,220,296,340,232,179,119,110,117,123,169,334,540,1543,574,51,31,99,56,229,678,798,1693,1543,1366,75,70,1103,266,1223,1192,1094,65,292,11,19,0,0,2961,2207,589,39,44,32,28,0,22,5227,889,6188432,0,6266,5609,34,8,250,5,21,160,123,4,5,1,0,22,24,5909,58,48,366,13,65,138,200,180,129,50,102,120,105,159,238,201,244,287,271,207,119,107,85,95,129,198,199,124,38,114,107,104,184,251,243,247,279,297,184,134,110,111,176,276,470,1610,617,46,22,105,63,222,716,969,1761,1610,1511,75,55,968,283,1297,1273,1325,105,300,0,0,0,3,2909,1504,691,534,44,45,19,31,0,41,5337,926
1,ST. JOHNS,11346,7014,1065,188,639,71,21,598,590,19,57,2,2,885,195,8214,1347,561,784,140,1133,547,460,440,260,140,436,498,513,482,452,361,332,208,171,123,92,95,56,41,526,469,376,202,184,458,507,443,428,421,359,304,206,157,139,139,129,102,90,555,496,1664,808,309,154,736,500,388,1644,712,2709,1664,3504,884,570,1439,501,3280,2829,936,90,191,0,0,23,52,4443,2333,1815,152,57,21,7,0,58,6121,5150,21963352,6256025,12207,7002,1119,185,491,135,30,585,767,60,113,23,6,1431,260,8456,1514,609,722,237,1644,541,383,349,208,156,401,536,697,590,473,368,382,270,231,130,90,66,56,42,538,413,361,204,139,443,622,740,542,434,315,394,297,252,158,104,87,78,117,623,729,1728,780,297,153,748,451,666,1562,751,2773,1728,3367,953,515,2018,849,2997,2575,928,99,229,0,0,4,0,5134,2300,392,2099,144,76,16,16,0,91,6728,5475
58,SULLIVAN'S GULCH,3043,2299,335,21,102,1,6,110,91,9,3,1,1,46,18,2492,405,63,144,9,74,42,42,39,30,33,119,208,190,144,98,107,99,52,34,24,28,27,30,48,48,47,36,25,25,142,227,171,114,107,87,99,60,44,32,55,72,119,139,378,626,324,75,52,25,122,77,302,199,460,498,324,344,76,68,1306,381,302,272,538,58,286,7,29,1,9,1906,475,1329,45,18,14,21,0,4,860,2137,727900,0,3139,2572,188,14,92,6,3,77,104,6,7,0,0,50,20,2765,223,48,127,12,66,30,33,29,19,4,104,242,187,137,121,77,105,94,89,42,33,28,32,44,37,32,42,20,15,137,256,188,113,87,68,97,69,93,67,57,51,77,183,396,618,342,85,38,19,94,46,368,158,482,474,342,292,55,63,1382,447,235,223,545,79,286,18,59,6,1,2009,402,146,1308,71,12,10,43,0,17,1010,2045
23,SUMNER,2099,1636,66,18,179,14,4,79,27,0,2,0,0,64,10,1728,80,52,209,22,108,95,77,67,31,18,68,85,96,99,92,86,71,41,34,16,20,14,9,10,68,78,68,40,23,65,74,94,84,99,92,67,45,29,32,33,42,24,13,116,124,374,158,59,36,96,57,68,287,161,529,374,581,141,87,308,79,524,450,213,8,59,0,0,0,0,890,646,191,8,26,3,1,0,15,1565,534,1948444,93281,2137,1357,153,18,234,16,1,75,83,7,2,5,0,154,32,1531,200,52,280,35,170,65,55,60,41,23,75,95,110,59,79,89,93,83,55,39,19,11,10,4,59,58,48,33,25,75,86,96,86,68,88,98,82,57,37,18,20,16,22,118,121,301,117,54,25,116,46,129,225,153,471,301,532,192,87,368,177,419,352,194,13,29,0,5,1,3,898,516,101,222,14,19,5,1,0,20,1511,617
11,SUNDERLAND,585,393,68,17,10,1,0,24,15,0,4,0,0,49,4,432,71,34,18,1,58,0,4,1,2,11,49,40,68,64,44,29,23,6,1,3,5,3,2,1,0,4,1,2,4,31,32,35,48,29,19,10,1,2,3,0,3,4,1,7,7,20,5,3,2,5,3,7,12,15,28,20,16,10,8,21,8,14,11,20,2,4,296,178,0,0,58,31,18,0,1,4,0,0,4,62,49,4275244,236510,718,536,111,17,15,0,1,5,23,0,1,0,0,8,1,562,116,18,18,0,11,2,1,4,1,7,55,76,80,91,94,106,65,39,19,7,4,2,1,1,0,2,6,4,2,3,2,6,4,9,2,12,5,4,0,0,0,0,2,4,4,12,4,7,2,5,1,9,9,7,24,12,22,7,6,17,15,18,14,7,2,1,560,1,35,19,43,17,8,16,1,0,0,0,0,1,61,42
80,SUNNYSIDE,7155,6204,120,68,323,5,24,163,135,3,11,3,0,67,29,6512,179,147,389,13,123,118,108,98,40,46,354,657,499,320,256,243,177,107,63,51,55,53,37,38,147,101,108,59,41,435,640,508,282,236,295,212,96,72,68,89,135,115,196,646,811,776,259,102,44,259,155,893,496,393,1137,776,905,194,166,2350,1172,766,700,466,57,179,87,295,28,45,3670,1230,2257,87,22,22,15,0,37,2774,3926,1547608,0,7354,6346,76,29,254,3,34,236,224,16,10,3,0,69,54,6845,143,123,408,18,139,180,124,78,43,37,229,595,562,490,342,191,160,188,118,67,40,34,30,34,155,134,82,45,26,320,748,547,400,280,177,159,201,155,83,58,54,48,140,642,860,905,375,103,57,201,121,974,570,398,1209,905,950,105,159,2476,1306,826,801,469,60,186,42,101,62,39,3894,1096,265,2324,83,28,31,33,0,34,3036,4074
76,SYLVAN-HIGHLANDS,645,601,8,0,15,0,1,3,14,0,0,0,0,1,2,620,8,2,17,0,3,9,18,15,17,8,13,8,17,20,26,38,29,24,25,16,14,12,6,5,18,16,24,7,4,11,6,16,27,37,33,30,32,14,14,13,9,7,7,33,26,165,58,6,4,15,7,29,69,70,186,165,150,8,12,88,32,124,122,99,6,12,0,0,0,4,286,245,29,3,3,1,0,0,5,576,65,1475961,0,747,652,14,1,35,2,3,24,12,0,0,0,0,1,3,691,16,3,51,7,6,20,30,18,19,10,20,12,9,26,33,41,29,32,23,19,19,12,7,1,15,22,20,17,5,8,10,16,24,35,45,36,30,25,21,11,12,8,7,20,34,180,66,14,7,21,14,34,92,80,215,180,190,17,14,88,43,161,152,117,5,14,0,0,0,0,327,189,62,52,3,8,1,2,0,10,626,121
82,SYLVAN-HIGHLANDS/SOUTHWEST HILLS,560,523,3,2,11,0,0,11,5,4,0,0,0,0,1,540,13,8,12,0,4,15,17,25,8,3,6,12,17,22,24,38,22,29,11,15,3,6,4,3,17,14,23,8,0,7,13,15,29,28,33,27,25,15,5,4,8,6,3,21,18,147,61,2,1,13,11,21,74,43,162,147,146,6,11,60,28,127,126,57,6,8,0,0,0,0,230,187,35,2,2,2,0,0,2,485,75,693773,0,547,499,3,1,14,1,0,21,8,0,0,0,0,0,0,526,8,9,27,1,0,13,21,18,14,3,8,7,10,17,29,26,19,25,18,21,9,10,3,6,11,22,14,9,4,5,12,18,13,26,21,21,26,21,23,7,7,3,7,29,24,142,57,4,2,11,6,17,67,65,157,142,143,5,8,70,22,122,118,96,5,12,0,0,0,0,236,143,65,19,0,3,2,1,0,3,506,41
14,UNIVERSITY PARK,5250,4361,113,45,232,44,2,174,109,4,6,2,0,125,33,4653,149,138,305,71,167,99,104,99,72,314,457,176,166,174,181,165,126,82,71,69,52,61,53,31,100,105,100,57,466,485,160,143,132,163,136,136,93,66,83,61,82,72,58,232,260,759,274,53,25,165,65,223,407,449,977,759,907,207,128,715,394,733,637,622,57,126,0,0,513,650,1789,1238,454,49,19,4,8,0,17,2956,1131,2598142,632937,6035,4874,130,64,175,63,35,346,122,2,3,2,1,166,52,5219,184,153,431,251,234,108,97,70,46,413,698,162,165,193,145,120,137,122,113,68,46,45,20,40,124,86,82,38,610,937,159,166,176,122,96,128,140,116,61,56,54,32,44,222,214,662,258,71,27,149,61,401,386,354,882,662,803,190,131,837,871,649,575,466,61,79,0,0,711,948,1834,820,282,617,39,20,8,14,0,34,2598,1778
27,VERNON,2924,958,1357,38,28,35,7,173,55,13,8,1,2,235,14,1140,1498,117,70,49,280,112,142,115,79,33,121,136,137,120,97,77,63,34,33,21,13,24,5,3,115,109,123,66,37,137,179,166,133,88,102,85,60,45,43,24,24,11,12,116,155,280,136,59,29,258,167,181,394,151,597,280,895,278,122,452,300,861,685,180,15,36,0,0,0,0,1111,550,499,27,16,1,0,0,18,1498,1426,765531,0,2585,1605,595,15,46,3,9,132,64,13,8,1,0,72,22,1797,690,86,86,8,103,85,57,41,21,15,101,212,180,154,96,72,58,46,49,15,17,10,4,3,71,54,52,24,12,120,239,184,162,96,72,47,61,50,39,20,23,7,16,124,166,281,136,35,11,139,61,323,240,127,455,281,457,144,82,613,548,405,343,153,7,41,0,0,0,5,1142,491,62,515,20,15,5,2,0,32,1387,1193
127,WEST PORTLAND PARK,3775,2837,177,16,187,40,18,228,136,0,0,0,4,117,15,3149,234,58,263,60,262,145,109,122,68,49,181,227,171,184,175,162,112,62,35,24,24,25,11,17,151,116,105,81,44,147,202,162,166,135,160,134,59,53,25,35,32,25,40,216,274,674,355,69,21,136,89,201,497,203,879,674,980,185,104,691,262,897,837,258,19,79,0,0,0,0,1681,813,757,79,15,4,3,0,10,1984,1791,1908470,0,3921,2838,306,28,256,31,6,162,157,2,1,1,1,88,44,3184,363,66,363,55,120,126,105,125,61,58,170,198,175,140,123,109,154,150,91,50,32,12,16,15,133,129,125,79,42,137,167,206,148,127,136,143,150,93,57,34,23,27,55,235,259,680,301,69,37,185,119,226,489,261,934,680,1020,180,86,720,294,883,811,316,31,92,0,0,1,6,1762,711,135,808,58,17,7,6,0,20,2008,1906
28,WILKES,7732,6106,334,28,670,28,10,236,83,1,3,4,0,187,42,6438,396,84,727,37,349,241,230,200,134,78,182,197,181,233,263,232,231,180,158,186,216,221,132,80,190,209,222,133,91,180,200,201,243,274,258,237,231,214,257,336,293,224,164,284,729,1734,511,91,48,314,187,165,820,1438,2139,1734,1854,340,213,1178,216,1559,1409,2063,102,512,1,3,15,39,3525,2539,778,62,93,7,21,0,25,5828,1846,7168551,840068,8759,5560,842,37,1103,97,17,254,258,10,17,4,2,509,49,6052,978,126,1236,136,569,258,254,246,163,108,221,224,226,219,235,281,263,256,260,168,167,175,166,152,251,249,224,133,89,236,262,242,257,235,263,309,307,246,277,262,267,293,315,367,849,1607,506,154,73,420,233,255,917,1570,2181,1607,2146,564,272,1471,351,1759,1542,2164,140,608,8,21,56,82,3858,1557,969,1126,42,75,13,23,0,53,5740,2852
56,WOODLAND PARK,302,253,3,9,22,0,0,10,1,0,0,0,0,3,1,265,3,12,27,0,6,21,18,9,4,2,9,15,8,9,20,11,7,6,6,2,4,6,0,2,9,8,5,8,4,6,14,12,7,9,12,6,5,9,2,6,10,9,2,12,16,58,27,6,3,11,6,7,38,34,75,58,94,18,11,35,11,82,78,43,1,13,0,0,0,0,113,89,21,1,2,0,0,0,0,228,74,94103,0,176,108,9,13,20,0,0,5,8,0,0,0,0,11,2,123,9,14,24,0,13,4,4,6,2,2,5,6,18,2,9,5,8,6,4,4,0,0,1,0,8,3,3,2,3,8,7,7,12,3,6,11,8,3,2,2,1,0,1,6,10,28,6,3,1,8,5,11,17,9,39,28,42,15,7,27,18,32,23,11,0,2,0,0,0,0,71,39,5,22,1,3,0,0,0,1,102,74
17,WOODLAWN,4889,1748,2224,47,104,73,12,238,78,20,4,0,0,287,54,2026,2431,145,149,96,372,199,217,186,106,52,153,209,245,219,176,150,106,81,64,37,51,42,18,15,175,197,187,106,50,134,244,259,218,210,162,155,118,84,54,67,65,38,40,230,258,606,265,106,61,422,249,232,679,328,1134,606,1457,423,222,720,327,1373,1123,427,31,84,0,0,0,0,1989,1231,623,51,39,11,2,0,32,3085,1804,1815174,0,4933,2542,1376,31,81,46,21,269,193,31,21,0,0,239,83,3013,1596,172,153,70,322,182,131,122,71,49,156,261,301,302,173,152,129,105,76,66,36,23,17,12,171,134,120,61,48,148,286,353,276,200,167,143,114,123,71,57,28,34,35,221,276,621,275,90,44,299,150,446,548,304,1010,621,1088,371,203,943,674,991,791,375,43,81,0,0,10,13,2084,1116,181,656,23,34,11,6,0,57,3122,1788
106,WOODSTOCK,8319,7095,88,78,519,7,14,229,127,14,12,0,0,92,44,7459,157,165,626,36,180,232,225,207,121,86,266,386,392,354,335,331,256,179,106,110,118,140,77,59,240,192,213,125,76,283,377,345,358,347,341,283,204,150,133,196,217,138,121,387,699,1552,573,145,67,360,172,448,900,958,2057,1552,1863,378,266,1534,662,1555,1401,1306,74,325,0,0,2,5,3751,2656,935,50,46,34,4,0,26,6111,2201,3210859,0,8761,7367,80,63,528,13,10,297,237,6,12,7,0,66,75,7955,158,182,726,33,122,288,236,194,121,56,273,345,443,473,343,325,265,285,233,132,77,70,57,66,275,206,187,102,70,268,378,481,453,320,291,308,291,252,147,91,96,115,148,416,623,1548,668,171,75,347,182,607,988,744,2066,1548,1956,356,239,1646,871,1608,1494,969,74,242,5,3,28,43,3857,2056,641,1015,39,29,21,7,0,49,6234,2448
